date,gross_ret,commission,fees,spread,impact,borrow,turnover,gross_exposure,net_exposure,net_ret
2023-01-03,0.0,0.0,0.0,0.0,0.0,0.0,0.0,0.0,0.0,0.0
2023-01-04,0.0,0.0,0.0,0.0,0.0,0.0,0.0,0.0,0.0,0.0
2023-01-05,0.0,0.0,0.0,0.0,0.0,0.0,0.0,0.0,0.0,0.0
2023-01-06,0.0,1.1570506169538213e-06,2.7014916867778198e-06,0.0,0.0,1.2206528803851901e-06,0.15506968390471193,0.15506968390471193,-0.05,-5.079195184116831e-06
2023-01-09,-0.000883328437760522,1.1570506169538215e-06,1.5817298930569835e-06,0.0,0.0,0.0,0.155805414921741,0.0,0.0,-0.0008860672182705329
2023-01-10,0.0,0.0,0.0,0.0,0.0,0.0,0.0,0.0,0.0,0.0
2023-01-11,0.0,7.63165539781041e-07,2.453962311957246e-06,0.0,0.0,1.1676450041727977e-06,0.14616436070103003,0.14616436070103003,-0.05,-4.384772855911085e-06
2023-01-12,-0.000647713879413053,6.697861043204978e-07,2.260108640893108e-06,0.0,0.0,1.9634599690554708e-06,0.17152485534967407,0.27986127480131906,-0.04999999999999996,-0.0006526072341273221
2023-01-13,-6.01512206302484e-05,1.3410889782489836e-06,3.348432332311151e-06,0.0,0.0,0.0,0.2816680006037906,0.0,0.0,-6.484074194080854e-05
2023-01-17,0.0,0.0,0.0,0.0,0.0,0.0,0.0,0.0,0.0,0.0
2023-01-18,0.0,0.0,0.0,0.0,0.0,0.0,0.0,0.0,0.0,0.0
2023-01-19,0.0,0.0,0.0,0.0,0.0,0.0,0.0,0.0,0.0,0.0
2023-01-20,0.0,0.0,0.0,0.0,0.0,0.0,0.0,0.0,0.0,0.0
2023-01-23,0.0,0.0,0.0,0.0,0.0,0.0,0.0,0.0,0.0,0.0
2023-01-24,0.0,0.0,0.0,0.0,0.0,0.0,0.0,0.0,0.0,0.0
2023-01-25,0.0,0.0,0.0,0.0,0.0,0.0,0.0,0.0,0.0,0.0
2023-01-26,0.0,0.0,0.0,0.0,0.0,0.0,0.0,0.0,0.0,0.0
2023-01-27,0.0,0.0,0.0,0.0,0.0,0.0,0.0,0.0,0.0,0.0
2023-01-30,0.0,1.5399050676200848e-06,2.4178642380491553e-06,0.0,0.0,1.1133546006963738e-06,0.1370435729169907,0.1370435729169907,-0.05000000000000006,-5.071123906365614e-06
2023-01-31,-0.0013824299094825406,1.5399050676200848e-06,1.4993501304741772e-06,0.0,0.0,0.0,0.1386232128472424,0.0,0.0,-0.0013854691646806349
2023-02-01,0.0,0.0,0.0,0.0,0.0,0.0,0.0,0.0,0.0,0.0
2023-02-02,0.0,2.6045524245402484e-06,2.3483106087077824e-06,0.0,2.781950521067206e-06,1.0980125298005162e-06,0.1344661050064867,0.1344661050064867,-0.05,-8.832826084115753e-06
2023-02-03,0.0010554087264331613,1.4844704538815934e-07,9.058812612143142e-08,0.0,4.0970536433292075e-08,1.1227116542843437e-06,0.005644789269958286,0.1386155579197697,-0.05,0.001054006009070934
2023-02-06,0.0008335052690800411,2.7529994699284076e-06,1.8446491314932812e-06,0.0,3.061476852999404e-06,0.0,0.1384199918765519,0.0,0.0,0.0008258461436256201
2023-02-07,0.0,0.0,0.0,0.0,0.0,0.0,0.0,0.0,0.0,0.0
2023-02-08,0.0,0.0,0.0,0.0,0.0,0.0,0.0,0.0,0.0,0.0
2023-02-09,0.0,5.488183944137964e-07,1.2558537897563988e-06,0.0,5.621760788067678e-06,5.5416928715831e-07,0.09730676098359575,0.09730676098359575,0.004206320740999665,-7.980602259396183e-06
2023-02-10,0.0005121419826927642,5.488183944137963e-07,1.3867767819076555e-06,0.0,5.484465405477375e-06,0.0,0.09676928751283495,0.0,0.0,0.0005047219221109654
2023-02-13,0.0,0.0,0.0,0.0,0.0,0.0,0.0,0.0,0.0,0.0
2023-02-14,0.0,0.0,0.0,0.0,0.0,0.0,0.0,0.0,0.0,0.0
2023-02-15,0.0,0.0,0.0,0.0,0.0,0.0,0.0,0.0,0.0,0.0
2023-02-16,0.0,0.0,0.0,0.0,0.0,0.0,0.0,0.0,0.0,0.0
2023-02-17,0.0,0.0,0.0,0.0,0.0,0.0,0.0,0.0,0.0,0.0
2023-02-21,0.0,0.0,0.0,0.0,0.0,0.0,0.0,0.0,0.0,0.0
2023-02-22,0.0,0.0,0.0,0.0,0.0,0.0,0.0,0.0,0.0,0.0
2023-02-23,0.0,0.0,0.0,0.0,0.0,0.0,0.0,0.0,0.0,0.0
2023-02-24,0.0,0.0,0.0,0.0,0.0,0.0,0.0,0.0,0.0,0.0
2023-02-27,0.0,0.0,0.0,0.0,0.0,0.0,0.0,0.0,0.0,0.0
2023-02-28,0.0,0.0,0.0,0.0,0.0,0.0,0.0,0.0,0.0,0.0
2023-03-01,0.0,0.0,0.0,0.0,0.0,0.0,0.0,0.0,0.0,0.0
2023-03-02,0.0,0.0,0.0,0.0,0.0,0.0,0.0,0.0,0.0,0.0
2023-03-03,0.0,0.0,0.0,0.0,0.0,0.0,0.0,0.0,0.0,0.0
2023-03-06,0.0,0.0,0.0,0.0,0.0,0.0,0.0,0.0,0.0,0.0
2023-03-07,0.0,0.0,0.0,0.0,0.0,0.0,0.0,0.0,0.0,0.0
2023-03-08,0.0,0.0,0.0,0.0,0.0,0.0,0.0,0.0,0.0,0.0
2023-03-09,0.0,0.0,0.0,0.0,0.0,0.0,0.0,0.0,0.0,0.0
2023-03-10,0.0,1.014557372444852e-06,1.6645296372024463e-06,0.0,8.028899342058471e-06,6.5391864338152e-07,0.15985833208809536,0.15985833208809536,0.05,-1.1361904995087291e-05
2023-03-13,-0.0011615236406402056,1.239031708486454e-06,1.4548496825204575e-06,0.0,1.0331718299607905e-05,7.18449539542085e-07,0.10539702774416895,0.17069952264307026,0.049999999999999996,-0.0011752676898703625
2023-03-14,-0.0014182548624086305,1.4352074160539268e-06,2.9238402243595647e-06,0.0,1.0622905960971101e-05,0.0,0.1704205463377974,0.0,0.0,-0.001433236816010015
2023-03-15,0.0,3.5687589474740397e-06,4.211632811231151e-06,0.0,1.0755197577594145e-05,1.6531918496359433e-06,0.3277362307388385,0.3277362307388385,0.05000000000000002,-2.018878118593528e-05
2023-03-16,0.0022408619867564554,2.742192137318732e-06,2.8871827923209314e-06,0.0,1.1154114222167486e-05,2.5817950596642546e-06,0.20486510605871738,0.4837415700235948,0.05000000000000002,0.002221496702544984
2023-03-17,0.0004978122390205238,6.160506613641615e-06,8.610714175310946e-06,0.0,2.0461722513974457e-05,1.2640316099676493e-06,0.5233830975307292,0.16235731047456506,-0.04999999999999999,0.0004613152641076291
2023-03-20,-0.0006013393349881032,5.103668156406295e-07,1.637983588960843e-06,0.0,2.817573511604597e-06,0.0,0.16442943821402922,0.0,0.0,-0.0006063052589043092
2023-03-21,0.0,0.0,0.0,0.0,0.0,0.0,0.0,0.0,0.0,0.0
2023-03-22,0.0,0.0,0.0,0.0,0.0,0.0,0.0,0.0,0.0,0.0
2023-03-23,0.0,0.0,0.0,0.0,0.0,0.0,0.0,0.0,0.0,0.0
2023-03-24,0.0,0.0,0.0,0.0,0.0,0.0,0.0,0.0,0.0,0.0
2023-03-27,0.0,0.0,0.0,0.0,0.0,0.0,0.0,0.0,0.0,0.0
2023-03-28,0.0,0.0,0.0,0.0,0.0,0.0,0.0,0.0,0.0,0.0
2023-03-29,0.0,0.0,0.0,0.0,0.0,0.0,0.0,0.0,0.0,0.0
2023-03-30,0.0,0.0,0.0,0.0,0.0,0.0,0.0,0.0,0.0,0.0
2023-03-31,0.0,0.0,0.0,0.0,0.0,0.0,0.0,0.0,0.0,0.0
2023-04-03,0.0,0.0,0.0,0.0,0.0,0.0,0.0,0.0,0.0,0.0
2023-04-04,0.0,5.32550052120065e-07,1.3460526874181064e-06,0.0,2.330659704756258e-06,5.416278032361409e-07,0.14099347094367168,0.14099347094367168,0.05,-4.75089024753057e-06
2023-04-05,-0.0001661866502672457,2.5924224388275865e-07,1.2612633653179335e-06,0.0,1.0671155546179448e-06,1.1098148848242553e-06,0.09622376310599548,0.23644890065047486,0.05000000000000003,-0.0001698840863158886
2023-04-06,0.00027555718691904595,6.456290515009162e-07,1.883346309246041e-06,0.0,3.08525670475104e-06,5.572936274064362e-07,0.1395666303717386,0.14362532940428127,0.05,0.0002693856612261415
2023-04-10,-0.00016289026409301236,4.2343951609568707e-07,2.4629592201098515e-06,0.0,2.1733389850401547e-06,0.0,0.1447184935269195,0.0,0.0,-0.00016795000181425804
2023-04-11,0.0,0.0,0.0,0.0,0.0,0.0,0.0,0.0,0.0,0.0
2023-04-12,0.0,0.0,0.0,0.0,0.0,0.0,0.0,0.0,0.0,0.0
2023-04-13,0.0,0.0,0.0,0.0,0.0,0.0,0.0,0.0,0.0,0.0
2023-04-14,0.0,7.148577831803147e-07,2.4294830923249873e-06,0.0,3.1556507167117424e-06,1.1160790485526047e-06,0.13750128015683755,0.13750128015683755,-0.05000000000000002,-7.416070640769649e-06
2023-04-17,0.00017038102900888028,7.148577831803147e-07,1.3079128551983376e-06,0.0,3.318626986462303e-06,0.0,0.1385758080814828,0.0,0.0,0.00016503963138403933
2023-04-18,0.0,0.0,0.0,0.0,0.0,0.0,0.0,0.0,0.0,0.0
2023-04-19,0.0,0.0,0.0,0.0,0.0,0.0,0.0,0.0,0.0,0.0
2023-04-20,0.0,0.0,0.0,0.0,0.0,0.0,0.0,0.0,0.0,0.0
2023-04-21,0.0,0.0,0.0,0.0,0.0,0.0,0.0,0.0,0.0,0.0
2023-04-24,0.0,0.0,0.0,0.0,0.0,0.0,0.0,0.0,0.0,0.0
2023-04-25,0.0,0.0,0.0,0.0,0.0,0.0,0.0,0.0,0.0,0.0
2023-04-26,0.0,0.0,0.0,0.0,0.0,0.0,0.0,0.0,0.0,0.0
2023-04-27,0.0,0.0,0.0,0.0,0.0,0.0,0.0,0.0,0.0,0.0
2023-04-28,0.0,0.0,0.0,0.0,0.0,0.0,0.0,0.0,0.0,0.0
2023-05-01,0.0,0.0,0.0,0.0,0.0,0.0,0.0,0.0,0.0,0.0
2023-05-02,0.0,5.096706403568277e-07,1.5768538496914657e-06,0.0,1.967867308940111e-06,6.372333715312293e-07,0.15705520641724652,0.15705520641724652,0.05000000000000001,-4.691625170519634e-06
2023-05-03,-0.0006269287651568121,1.215237705052348e-07,4.3041044736784596e-07,0.0,4.7044365289981023e-07,5.295195045640531e-07,0.032879220819972826,0.1389592767667609,0.04999999999999999,-0.000628480662532149
2023-05-04,-0.0006444801156871995,4.338219774279614e-07,2.3472439086215386e-06,0.0,1.6801808539022728e-06,0.0,0.13857757623802852,0.0,0.0,-0.0006489413624271513
2023-05-05,0.0,2.0604434461331413e-06,2.6257764054386582e-06,0.0,3.1007924370481085e-06,1.1962692321147017e-06,0.15097323099526982,0.15097323099526982,-0.05000000000000004,-8.98328152073461e-06
2023-05-08,9.270683567589037e-05,2.0604434461331413e-06,1.7708764683486066e-06,0.0,3.0993834447322282e-06,0.0,0.15084575376324572,0.0,0.0,8.57761323166764e-05
2023-05-09,0.0,0.0,0.0,0.0,0.0,0.0,0.0,0.0,0.0,0.0
2023-05-10,0.0,0.0,0.0,0.0,0.0,0.0,0.0,0.0,0.0,0.0
2023-05-11,0.0,0.0,0.0,0.0,0.0,0.0,0.0,0.0,0.0,0.0
2023-05-12,0.0,0.0,0.0,0.0,0.0,0.0,0.0,0.0,0.0,0.0
2023-05-15,0.0,0.0,0.0,0.0,0.0,0.0,0.0,0.0,0.0,0.0
2023-05-16,0.0,0.0,0.0,0.0,0.0,0.0,0.0,0.0,0.0,0.0
2023-05-17,0.0,0.0,0.0,0.0,0.0,0.0,0.0,0.0,0.0,0.0
2023-05-18,0.0,0.0,0.0,0.0,0.0,0.0,0.0,0.0,0.0,0.0
2023-05-19,0.0,0.0,0.0,0.0,0.0,0.0,0.0,0.0,0.0,0.0
2023-05-22,0.0,0.0,0.0,0.0,0.0,0.0,0.0,0.0,0.0,0.0
2023-05-23,0.0,0.0,0.0,0.0,0.0,0.0,0.0,0.0,0.0,0.0
2023-05-24,0.0,0.0,0.0,0.0,0.0,0.0,0.0,0.0,0.0,0.0
2023-05-25,0.0,0.0,0.0,0.0,0.0,0.0,0.0,0.0,0.0,0.0
2023-05-26,0.0,0.0,0.0,0.0,0.0,0.0,0.0,0.0,0.0,0.0
2023-05-30,0.0,0.0,0.0,0.0,0.0,0.0,0.0,0.0,0.0,0.0
2023-05-31,0.0,0.0,0.0,0.0,0.0,0.0,0.0,0.0,0.0,0.0
2023-06-01,0.0,0.0,0.0,0.0,0.0,0.0,0.0,0.0,0.0,0.0
2023-06-02,0.0,0.0,0.0,0.0,0.0,0.0,0.0,0.0,0.0,0.0
2023-06-05,0.0,0.0,0.0,0.0,0.0,0.0,0.0,0.0,0.0,0.0
2023-06-06,0.0,0.0,0.0,0.0,0.0,0.0,0.0,0.0,0.0,0.0
2023-06-07,0.0,0.0,0.0,0.0,0.0,0.0,0.0,0.0,0.0,0.0
2023-06-08,0.0,0.0,0.0,0.0,0.0,0.0,0.0,0.0,0.0,0.0
2023-06-09,0.0,0.0,0.0,0.0,0.0,0.0,0.0,0.0,0.0,0.0
2023-06-12,0.0,0.0,0.0,0.0,0.0,0.0,0.0,0.0,0.0,0.0
2023-06-13,0.0,0.0,0.0,0.0,0.0,0.0,0.0,0.0,0.0,0.0
2023-06-14,0.0,0.0,0.0,0.0,0.0,0.0,0.0,0.0,0.0,0.0
2023-06-15,0.0,0.0,0.0,0.0,0.0,0.0,0.0,0.0,0.0,0.0
2023-06-16,0.0,0.0,0.0,0.0,0.0,0.0,0.0,0.0,0.0,0.0
2023-06-20,0.0,0.0,0.0,0.0,0.0,0.0,0.0,0.0,0.0,0.0
2023-06-21,0.0,0.0,0.0,0.0,0.0,0.0,0.0,0.0,0.0,0.0
2023-06-22,0.0,0.0,0.0,0.0,0.0,0.0,0.0,0.0,0.0,0.0
2023-06-23,0.0,0.0,0.0,0.0,0.0,0.0,0.0,0.0,0.0,0.0
2023-06-26,0.0,0.0,0.0,0.0,0.0,0.0,0.0,0.0,0.0,0.0
2023-06-27,0.0,0.0,0.0,0.0,0.0,0.0,0.0,0.0,0.0,0.0
2023-06-28,0.0,0.0,0.0,0.0,0.0,0.0,0.0,0.0,0.0,0.0
2023-06-29,0.0,0.0,0.0,0.0,0.0,0.0,0.0,0.0,0.0,0.0
2023-06-30,0.0,0.0,0.0,0.0,0.0,0.0,0.0,0.0,0.0,0.0
2023-07-05,0.0,0.0,0.0,0.0,0.0,0.0,0.0,0.0,0.0,0.0
2023-07-06,0.0,0.0,0.0,0.0,0.0,0.0,0.0,0.0,0.0,0.0
2023-07-07,0.0,0.0,0.0,0.0,0.0,0.0,0.0,0.0,0.0,0.0
2023-07-10,0.0,0.0,0.0,0.0,0.0,0.0,0.0,0.0,0.0,0.0
2023-07-11,0.0,4.105280792465784e-07,2.8391275138826124e-06,0.0,7.228018620243103e-07,1.3412503426804326e-06,0.17533005757031273,0.17533005757031273,-0.04999999999999994,-5.3137077978339334e-06
2023-07-12,-1.6231052656038236e-05,8.352891147925851e-09,4.5298438552029246e-08,0.0,2.113529092394344e-09,1.3314695851752718e-06,0.0034456300076704744,0.17368689030944573,-0.04999999999999993,-1.7618287100005858e-05
2023-07-13,8.81952161172265e-05,4.021751880986526e-07,1.7878288574145176e-06,0.0,7.064376525205804e-07,0.0,0.17560007673590486,0.0,0.0,8.529877441919275e-05
2023-07-14,0.0,0.0,0.0,0.0,0.0,0.0,0.0,0.0,0.0,0.0
2023-07-17,0.0,0.0,0.0,0.0,0.0,0.0,0.0,0.0,0.0,0.0
2023-07-18,0.0,0.0,0.0,0.0,0.0,0.0,0.0,0.0,0.0,0.0
2023-07-19,0.0,0.0,0.0,0.0,0.0,0.0,0.0,0.0,0.0,0.0
2023-07-20,0.0,0.0,0.0,0.0,0.0,0.0,0.0,0.0,0.0,0.0
2023-07-21,0.0,0.0,0.0,0.0,0.0,0.0,0.0,0.0,0.0,0.0
2023-07-24,0.0,0.0,0.0,0.0,0.0,0.0,0.0,0.0,0.0,0.0
2023-07-25,0.0,0.0,0.0,0.0,0.0,0.0,0.0,0.0,0.0,0.0
2023-07-26,0.0,0.0,0.0,0.0,0.0,0.0,0.0,0.0,0.0,0.0
2023-07-27,0.0,0.0,0.0,0.0,0.0,0.0,0.0,0.0,0.0,0.0
2023-07-28,0.0,5.196839921630908e-07,1.374163591478349e-06,0.0,4.533307758083958e-06,6.099147900460956e-07,0.09230454090388732,0.09230454090388732,-0.010161143823856756,-7.037070131771493e-06
2023-07-31,0.0008061673112379497,1.081027733248659e-06,2.2355023991872946e-06,0.0,7.2223147953708885e-06,4.531598807891486e-07,0.17439897000619667,0.0817903513480556,0.005659491375478626,0.0007951753064293537
2023-08-01,0.0008285157921034665,5.613437410855683e-07,1.1660373812371217e-06,0.0,2.6920404232476724e-06,0.0,0.08177444459061278,0.0,0.0,0.0008240963705578962
2023-08-02,0.0,0.0,0.0,0.0,0.0,0.0,0.0,0.0,0.0,0.0
2023-08-03,0.0,0.0,0.0,0.0,0.0,0.0,0.0,0.0,0.0,0.0
2023-08-04,0.0,0.0,0.0,0.0,0.0,0.0,0.0,0.0,0.0,0.0
2023-08-07,0.0,7.467395561002093e-07,2.518516137534302e-06,0.0,1.6600800190480285e-06,1.1807364536361353e-06,0.14836372421087074,0.14836372421087074,-0.04999999999999999,-6.106072166318676e-06
2023-08-08,0.0008796881872021419,4.2156848503526984e-08,1.1480793159150617e-07,0.0,2.850868497253157e-08,1.1360371197956213e-06,0.007586903572888392,0.1408542361256644,-0.04999999999999999,0.0008783666766172787
2023-08-09,0.0008493996485693773,7.045827075966822e-07,1.3929391827929002e-06,0.0,1.4635485754698582e-06,0.0,0.1406723086821972,0.0,0.0,0.0008458385781035179
2023-08-10,0.0,0.0,0.0,0.0,0.0,0.0,0.0,0.0,0.0,0.0
2023-08-11,0.0,0.0,0.0,0.0,0.0,0.0,0.0,0.0,0.0,0.0
2023-08-14,0.0,0.0,0.0,0.0,0.0,0.0,0.0,0.0,0.0,0.0
2023-08-15,0.0,0.0,0.0,0.0,0.0,0.0,0.0,0.0,0.0,0.0
2023-08-16,0.0,0.0,0.0,0.0,0.0,0.0,0.0,0.0,0.0,0.0
2023-08-17,0.0,0.0,0.0,0.0,0.0,0.0,0.0,0.0,0.0,0.0
2023-08-18,0.0,0.0,0.0,0.0,0.0,0.0,0.0,0.0,0.0,0.0
2023-08-21,0.0,0.0,0.0,0.0,0.0,0.0,0.0,0.0,0.0,0.0
2023-08-22,0.0,0.0,0.0,0.0,0.0,0.0,0.0,0.0,0.0,0.0
2023-08-23,0.0,0.0,0.0,0.0,0.0,0.0,0.0,0.0,0.0,0.0
2023-08-24,0.0,0.0,0.0,0.0,0.0,0.0,0.0,0.0,0.0,0.0
2023-08-25,0.0,0.0,0.0,0.0,0.0,0.0,0.0,0.0,0.0,0.0
2023-08-28,0.0,0.0,0.0,0.0,0.0,0.0,0.0,0.0,0.0,0.0
2023-08-29,0.0,0.0,0.0,0.0,0.0,0.0,0.0,0.0,0.0,0.0
2023-08-30,0.0,0.0,0.0,0.0,0.0,0.0,0.0,0.0,0.0,0.0
2023-08-31,0.0,0.0,0.0,0.0,0.0,0.0,0.0,0.0,0.0,0.0
2023-09-01,0.0,0.0,0.0,0.0,0.0,0.0,0.0,0.0,0.0,0.0
2023-09-05,0.0,0.0,0.0,0.0,0.0,0.0,0.0,0.0,0.0,0.0
2023-09-06,0.0,0.0,0.0,0.0,0.0,0.0,0.0,0.0,0.0,0.0
2023-09-07,0.0,0.0,0.0,0.0,0.0,0.0,0.0,0.0,0.0,0.0
2023-09-08,0.0,0.0,0.0,0.0,0.0,0.0,0.0,0.0,0.0,0.0
2023-09-11,0.0,0.0,0.0,0.0,0.0,0.0,0.0,0.0,0.0,0.0
2023-09-12,0.0,0.0,0.0,0.0,0.0,0.0,0.0,0.0,0.0,0.0
2023-09-13,0.0,0.0,0.0,0.0,0.0,0.0,0.0,0.0,0.0,0.0
2023-09-14,0.0,0.0,0.0,0.0,0.0,0.0,0.0,0.0,0.0,0.0
2023-09-15,0.0,6.131349152614349e-07,1.1600146573182722e-06,0.0,1.3362734730063763e-06,4.572266418331864e-07,0.12681407582797527,0.12681407582797527,0.049999999999999975,-3.5666496874192697e-06
2023-09-18,-0.00036265614086046787,6.131349152614349e-07,2.2532922586820764e-06,0.0,1.3344906178483861e-06,0.0,0.12648752406785702,0.0,0.0,-0.00036685705865225975
2023-09-19,0.0,0.0,0.0,0.0,0.0,0.0,0.0,0.0,0.0,0.0
2023-09-20,0.0,0.0,0.0,0.0,0.0,0.0,0.0,0.0,0.0,0.0
2023-09-21,0.0,0.0,0.0,0.0,0.0,0.0,0.0,0.0,0.0,0.0
2023-09-22,0.0,0.0,0.0,0.0,0.0,0.0,0.0,0.0,0.0,0.0
2023-09-25,0.0,0.0,0.0,0.0,0.0,0.0,0.0,0.0,0.0,0.0
2023-09-26,0.0,0.0,0.0,0.0,0.0,0.0,0.0,0.0,0.0,0.0
2023-09-27,0.0,0.0,0.0,0.0,0.0,0.0,0.0,0.0,0.0,0.0
2023-09-28,0.0,0.0,0.0,0.0,0.0,0.0,0.0,0.0,0.0,0.0
2023-09-29,0.0,0.0,0.0,0.0,0.0,0.0,0.0,0.0,0.0,0.0
2023-10-02,0.0,0.0,0.0,0.0,0.0,0.0,0.0,0.0,0.0,0.0
2023-10-03,0.0,0.0,0.0,0.0,0.0,0.0,0.0,0.0,0.0,0.0
2023-10-04,0.0,0.0,0.0,0.0,0.0,0.0,0.0,0.0,0.0,0.0
2023-10-05,0.0,1.0788242494800408e-05,4.770251466924482e-06,0.0,2.542177013406392e-05,1.7786850874160565e-06,0.337833812830093,0.337833812830093,0.03901471814419556,-4.275894918320487e-05
2023-10-06,-0.001759428077494361,4.723248296163738e-06,3.1418203104752722e-06,0.0,8.84904212082871e-06,1.0922068439317738e-06,0.19554467706681383,0.23349074978053802,0.05000000000000002,-0.0017772343950657604
2023-10-09,0.00023695070669339362,6.23694338542956e-06,4.653984417291525e-06,0.0,1.07156123118908e-05,0.0,0.2364778896660812,0.0,0.0,0.00021534416657878174
2023-10-10,0.0,0.0,0.0,0.0,0.0,0.0,0.0,0.0,0.0,0.0
2023-10-11,0.0,0.0,0.0,0.0,0.0,0.0,0.0,0.0,0.0,0.0
2023-10-12,0.0,0.0,0.0,0.0,0.0,0.0,0.0,0.0,0.0,0.0
2023-10-13,0.0,0.0,0.0,0.0,0.0,0.0,0.0,0.0,0.0,0.0
2023-10-16,0.0,0.0,0.0,0.0,0.0,0.0,0.0,0.0,0.0,0.0
2023-10-17,0.0,0.0,0.0,0.0,0.0,0.0,0.0,0.0,0.0,0.0
2023-10-18,0.0,1.1282825995757562e-06,2.1889633863476466e-06,0.0,3.0107728046255796e-06,9.004381326484359e-07,0.20127360628493723,0.20127360628493723,0.049999999999999975,-7.228456923197418e-06
2023-10-19,0.0005949372545975776,1.1282825995757564e-06,3.2479774584924203e-06,0.0,2.910067124943924e-06,0.0,0.19840035553452953,0.0,0.0,0.0005876509274145655
2023-10-20,0.0,0.0,0.0,0.0,0.0,0.0,0.0,0.0,0.0,0.0
2023-10-23,0.0,0.0,0.0,0.0,0.0,0.0,0.0,0.0,0.0,0.0
2023-10-24,0.0,0.0,0.0,0.0,0.0,0.0,0.0,0.0,0.0,0.0
2023-10-25,0.0,0.0,0.0,0.0,0.0,0.0,0.0,0.0,0.0,0.0
2023-10-26,0.0,0.0,0.0,0.0,0.0,0.0,0.0,0.0,0.0,0.0
2023-10-27,0.0,0.0,0.0,0.0,0.0,0.0,0.0,0.0,0.0,0.0
2023-10-30,0.0,0.0,0.0,0.0,0.0,0.0,0.0,0.0,0.0,0.0
2023-10-31,0.0,0.0,0.0,0.0,0.0,0.0,0.0,0.0,0.0,0.0
2023-11-01,0.0,0.0,0.0,0.0,0.0,0.0,0.0,0.0,0.0,0.0
2023-11-02,0.0,0.0,0.0,0.0,0.0,0.0,0.0,0.0,0.0,0.0
2023-11-03,0.0,0.0,0.0,0.0,0.0,0.0,0.0,0.0,0.0,0.0
2023-11-06,0.0,0.0,0.0,0.0,0.0,0.0,0.0,0.0,0.0,0.0
2023-11-07,0.0,0.0,0.0,0.0,0.0,0.0,0.0,0.0,0.0,0.0
2023-11-08,0.0,0.0,0.0,0.0,0.0,0.0,0.0,0.0,0.0,0.0
2023-11-09,0.0,0.0,0.0,0.0,0.0,0.0,0.0,0.0,0.0,0.0
2023-11-10,0.0,0.0,0.0,0.0,0.0,0.0,0.0,0.0,0.0,0.0
2023-11-13,0.0,0.0,0.0,0.0,0.0,0.0,0.0,0.0,0.0,0.0
2023-11-14,0.0,0.0,0.0,0.0,0.0,0.0,0.0,0.0,0.0,0.0
2023-11-15,0.0,0.0,0.0,0.0,0.0,0.0,0.0,0.0,0.0,0.0
2023-11-16,0.0,0.0,0.0,0.0,0.0,0.0,0.0,0.0,0.0,0.0
2023-11-17,0.0,0.0,0.0,0.0,0.0,0.0,0.0,0.0,0.0,0.0
2023-11-20,0.0,0.0,0.0,0.0,0.0,0.0,0.0,0.0,0.0,0.0
2023-11-21,0.0,0.0,0.0,0.0,0.0,0.0,0.0,0.0,0.0,0.0
2023-11-22,0.0,0.0,0.0,0.0,0.0,0.0,0.0,0.0,0.0,0.0
2023-11-27,0.0,0.0,0.0,0.0,0.0,0.0,0.0,0.0,0.0,0.0
2023-11-28,0.0,0.0,0.0,0.0,0.0,0.0,0.0,0.0,0.0,0.0
2023-11-29,0.0,0.0,0.0,0.0,0.0,0.0,0.0,0.0,0.0,0.0
2023-11-30,0.0,0.0,0.0,0.0,0.0,0.0,0.0,0.0,0.0,0.0
2023-12-01,0.0,0.0,0.0,0.0,0.0,0.0,0.0,0.0,0.0,0.0
2023-12-04,0.0,0.0,0.0,0.0,0.0,0.0,0.0,0.0,0.0,0.0
2023-12-05,0.0,0.0,0.0,0.0,0.0,0.0,0.0,0.0,0.0,0.0
2023-12-06,0.0,0.0,0.0,0.0,0.0,0.0,0.0,0.0,0.0,0.0
2023-12-07,0.0,0.0,0.0,0.0,0.0,0.0,0.0,0.0,0.0,0.0
2023-12-08,0.0,0.0,0.0,0.0,0.0,0.0,0.0,0.0,0.0,0.0
2023-12-11,0.0,0.0,0.0,0.0,0.0,0.0,0.0,0.0,0.0,0.0
2023-12-12,0.0,0.0,0.0,0.0,0.0,0.0,0.0,0.0,0.0,0.0
2023-12-13,0.0,0.0,0.0,0.0,0.0,0.0,0.0,0.0,0.0,0.0
2023-12-14,0.0,0.0,0.0,0.0,0.0,0.0,0.0,0.0,0.0,0.0
2023-12-15,0.0,0.0,0.0,0.0,0.0,0.0,0.0,0.0,0.0,0.0
2023-12-18,0.0,0.0,0.0,0.0,0.0,0.0,0.0,0.0,0.0,0.0
2023-12-19,0.0,0.0,0.0,0.0,0.0,0.0,0.0,0.0,0.0,0.0
2023-12-20,0.0,0.0,0.0,0.0,0.0,0.0,0.0,0.0,0.0,0.0
2023-12-21,0.0,0.0,0.0,0.0,0.0,0.0,0.0,0.0,0.0,0.0
2023-12-22,0.0,0.0,0.0,0.0,0.0,0.0,0.0,0.0,0.0,0.0
2023-12-26,0.0,0.0,0.0,0.0,0.0,0.0,0.0,0.0,0.0,0.0
2023-12-27,0.0,0.0,0.0,0.0,0.0,0.0,0.0,0.0,0.0,0.0
2023-12-28,0.0,0.0,0.0,0.0,0.0,0.0,0.0,0.0,0.0,0.0
2023-12-29,0.0,0.0,0.0,0.0,0.0,0.0,0.0,0.0,0.0,0.0
2024-01-02,0.0,0.0,0.0,0.0,0.0,0.0,0.0,0.0,0.0,0.0
2024-01-03,0.0,0.0,0.0,0.0,0.0,0.0,0.0,0.0,0.0,0.0
2024-01-04,0.0,0.0,0.0,0.0,0.0,0.0,0.0,0.0,0.0,0.0
2024-01-05,0.0,0.0,0.0,0.0,0.0,0.0,0.0,0.0,0.0,0.0
2024-01-08,0.0,4.819523935788166e-07,2.4425177818898216e-06,0.0,1.7133633133224515e-06,1.1607709505082823e-06,0.14500951968539144,0.14500951968539144,-0.049999999999999996,-5.798604439299372e-06
2024-01-09,-0.000998449799138333,2.1124579671767825e-08,1.0088077427273965e-07,0.0,2.0639290065529602e-08,1.1506167335413884e-06,0.00837223452619753,0.14330361123495322,-0.05,-0.0009997430605158844
2024-01-10,-0.0005834688885015209,4.835068221294206e-07,1.39348416160169e-06,0.0,1.6776268078599362e-06,0.0,0.143745112469419,0.0,0.0,-0.0005870235062931119
2024-01-11,0.0,0.0,0.0,0.0,0.0,0.0,0.0,0.0,0.0,0.0
2024-01-12,0.0,0.0,0.0,0.0,0.0,0.0,0.0,0.0,0.0,0.0
2024-01-16,0.0,0.0,0.0,0.0,0.0,0.0,0.0,0.0,0.0,0.0
2024-01-17,0.0,0.0,0.0,0.0,0.0,0.0,0.0,0.0,0.0,0.0
2024-01-18,0.0,0.0,0.0,0.0,0.0,0.0,0.0,0.0,0.0,0.0
2024-01-19,0.0,0.0,0.0,0.0,0.0,0.0,0.0,0.0,0.0,0.0
2024-01-22,0.0,0.0,0.0,0.0,0.0,0.0,0.0,0.0,0.0,0.0
2024-01-23,0.0,0.0,0.0,0.0,0.0,0.0,0.0,0.0,0.0,0.0
2024-01-24,0.0,0.0,0.0,0.0,0.0,0.0,0.0,0.0,0.0,0.0
2024-01-25,0.0,0.0,0.0,0.0,0.0,0.0,0.0,0.0,0.0,0.0
2024-01-26,0.0,0.0,0.0,0.0,0.0,0.0,0.0,0.0,0.0,0.0
2024-01-29,0.0,0.0,0.0,0.0,0.0,0.0,0.0,0.0,0.0,0.0
2024-01-30,0.0,0.0,0.0,0.0,0.0,0.0,0.0,0.0,0.0,0.0
2024-01-31,0.0,0.0,0.0,0.0,0.0,0.0,0.0,0.0,0.0,0.0
2024-02-01,0.0,1.9478137245753637e-06,2.5054796084716255e-06,0.0,4.485852510335369e-06,1.1664493169934042e-06,0.15053171392709935,0.15053171392709935,-0.04543177132779254,-1.0105595160375761e-05
2024-02-02,0.0002103134688047336,1.9478137245753637e-06,1.8695253441439669e-06,0.0,4.5069404685599445e-06,0.0,0.1516434123148897,0.0,0.0,0.00020198918926745432
2024-02-05,0.0,0.0,0.0,0.0,0.0,0.0,0.0,0.0,0.0,0.0
2024-02-06,0.0,0.0,0.0,0.0,0.0,0.0,0.0,0.0,0.0,0.0
2024-02-07,0.0,0.0,0.0,0.0,0.0,0.0,0.0,0.0,0.0,0.0
2024-02-08,0.0,0.0,0.0,0.0,0.0,0.0,0.0,0.0,0.0,0.0
2024-02-09,0.0,0.0,0.0,0.0,0.0,0.0,0.0,0.0,0.0,0.0
2024-02-12,0.0,0.0,0.0,0.0,0.0,0.0,0.0,0.0,0.0,0.0
2024-02-13,0.0,0.0,0.0,0.0,0.0,0.0,0.0,0.0,0.0,0.0
2024-02-14,0.0,0.0,0.0,0.0,0.0,0.0,0.0,0.0,0.0,0.0
2024-02-15,0.0,0.0,0.0,0.0,0.0,0.0,0.0,0.0,0.0,0.0
2024-02-16,0.0,0.0,0.0,0.0,0.0,0.0,0.0,0.0,0.0,0.0
2024-02-20,0.0,0.0,0.0,0.0,0.0,0.0,0.0,0.0,0.0,0.0
2024-02-21,0.0,0.0,0.0,0.0,0.0,0.0,0.0,0.0,0.0,0.0
2024-02-22,0.0,0.0,0.0,0.0,0.0,0.0,0.0,0.0,0.0,0.0
2024-02-23,0.0,0.0,0.0,0.0,0.0,0.0,0.0,0.0,0.0,0.0
2024-02-26,0.0,0.0,0.0,0.0,0.0,0.0,0.0,0.0,0.0,0.0
2024-02-27,0.0,0.0,0.0,0.0,0.0,0.0,0.0,0.0,0.0,0.0
2024-02-28,0.0,0.0,0.0,0.0,0.0,0.0,0.0,0.0,0.0,0.0
2024-02-29,0.0,0.0,0.0,0.0,0.0,0.0,0.0,0.0,0.0,0.0
2024-03-01,0.0,0.0,0.0,0.0,0.0,0.0,0.0,0.0,0.0,0.0
2024-03-04,0.0,0.0,0.0,0.0,0.0,0.0,0.0,0.0,0.0,0.0
2024-03-05,0.0,1.3035915877208386e-06,2.104886337316331e-06,0.0,3.825015328356366e-06,8.104840223799329e-07,0.18616131575982875,0.18616131575982875,0.05000000000000001,-8.043977275773468e-06
2024-03-06,0.00027940114558746654,1.303591587720839e-06,3.036182391382619e-06,0.0,3.831700058085311e-06,0.0,0.18751623830160113,0.0,0.0,0.0002712296715502778
2024-03-07,0.0,8.895985962475938e-07,2.732619794443834e-06,0.0,6.629523600398546e-07,1.2504506753196328e-06,0.1600757134536983,0.1600757134536983,-0.049999999999999996,-5.5356214260509156e-06
2024-03-08,0.000996473228077015,8.895985962475938e-07,1.6261066664651914e-06,0.0,6.658554203500937e-07,0.0,0.16020514924587384,0.0,0.0,0.0009932916673939523
2024-03-11,0.0,0.0,0.0,0.0,0.0,0.0,0.0,0.0,0.0,0.0
2024-03-12,0.0,0.0,0.0,0.0,0.0,0.0,0.0,0.0,0.0,0.0
2024-03-13,0.0,0.0,0.0,0.0,0.0,0.0,0.0,0.0,0.0,0.0
2024-03-14,0.0,0.0,0.0,0.0,0.0,0.0,0.0,0.0,0.0,0.0
2024-03-15,0.0,0.0,0.0,0.0,0.0,0.0,0.0,0.0,0.0,0.0
2024-03-18,0.0,0.0,0.0,0.0,0.0,0.0,0.0,0.0,0.0,0.0
2024-03-19,0.0,0.0,0.0,0.0,0.0,0.0,0.0,0.0,0.0,0.0
2024-03-20,0.0,0.0,0.0,0.0,0.0,0.0,0.0,0.0,0.0,0.0
2024-03-21,0.0,0.0,0.0,0.0,0.0,0.0,0.0,0.0,0.0,0.0
2024-03-22,0.0,0.0,0.0,0.0,0.0,0.0,0.0,0.0,0.0,0.0
2024-03-25,0.0,0.0,0.0,0.0,0.0,0.0,0.0,0.0,0.0,0.0
2024-03-26,0.0,0.0,0.0,0.0,0.0,0.0,0.0,0.0,0.0,0.0
2024-03-27,0.0,0.0,0.0,0.0,0.0,0.0,0.0,0.0,0.0,0.0
2024-03-28,0.0,0.0,0.0,0.0,0.0,0.0,0.0,0.0,0.0,0.0
2024-04-01,0.0,0.0,0.0,0.0,0.0,0.0,0.0,0.0,0.0,0.0
2024-04-02,0.0,0.0,0.0,0.0,0.0,0.0,0.0,0.0,0.0,0.0
2024-04-03,0.0,0.0,0.0,0.0,0.0,0.0,0.0,0.0,0.0,0.0
2024-04-04,0.0,0.0,0.0,0.0,0.0,0.0,0.0,0.0,0.0,0.0
2024-04-05,0.0,0.0,0.0,0.0,0.0,0.0,0.0,0.0,0.0,0.0
2024-04-08,0.0,0.0,0.0,0.0,0.0,0.0,0.0,0.0,0.0,0.0
2024-04-09,0.0,0.0,0.0,0.0,0.0,0.0,0.0,0.0,0.0,0.0
2024-04-10,0.0,0.0,0.0,0.0,0.0,0.0,0.0,0.0,0.0,0.0
2024-04-11,0.0,0.0,0.0,0.0,0.0,0.0,0.0,0.0,0.0,0.0
2024-04-12,0.0,0.0,0.0,0.0,0.0,0.0,0.0,0.0,0.0,0.0
2024-04-15,0.0,4.5818666132263243e-07,1.966515770655035e-06,0.0,4.607940275655206e-06,8.188397798766928e-07,0.18756508301928437,0.18756508301928437,0.049999999999999954,-7.851482487509567e-06
2024-04-16,-0.0005195780333038582,4.5818666132263243e-07,2.976552682107035e-06,0.0,4.598123731665317e-06,0.0,0.18737577805108063,0.0,0.0,-0.0005276108963789531
2024-04-17,0.0,0.0,0.0,0.0,0.0,0.0,0.0,0.0,0.0,0.0
2024-04-18,0.0,0.0,0.0,0.0,0.0,0.0,0.0,0.0,0.0,0.0
2024-04-19,0.0,0.0,0.0,0.0,0.0,0.0,0.0,0.0,0.0,0.0
2024-04-22,0.0,0.0,0.0,0.0,0.0,0.0,0.0,0.0,0.0,0.0
2024-04-23,0.0,0.0,0.0,0.0,0.0,0.0,0.0,0.0,0.0,0.0
2024-04-24,0.0,0.0,0.0,0.0,0.0,0.0,0.0,0.0,0.0,0.0
2024-04-25,0.0,0.0,0.0,0.0,0.0,0.0,0.0,0.0,0.0,0.0
2024-04-26,0.0,0.0,0.0,0.0,0.0,0.0,0.0,0.0,0.0,0.0
2024-04-29,0.0,0.0,0.0,0.0,0.0,0.0,0.0,0.0,0.0,0.0
2024-04-30,0.0,0.0,0.0,0.0,0.0,0.0,0.0,0.0,0.0,0.0
2024-05-01,0.0,0.0,0.0,0.0,0.0,0.0,0.0,0.0,0.0,0.0
2024-05-02,0.0,0.0,0.0,0.0,0.0,0.0,0.0,0.0,0.0,0.0
2024-05-03,0.0,0.0,0.0,0.0,0.0,0.0,0.0,0.0,0.0,0.0
2024-05-06,0.0,0.0,0.0,0.0,0.0,0.0,0.0,0.0,0.0,0.0
2024-05-07,0.0,0.0,0.0,0.0,0.0,0.0,0.0,0.0,0.0,0.0
2024-05-08,0.0,0.0,0.0,0.0,0.0,0.0,0.0,0.0,0.0,0.0
2024-05-09,0.0,0.0,0.0,0.0,0.0,0.0,0.0,0.0,0.0,0.0
2024-05-10,0.0,0.0,0.0,0.0,0.0,0.0,0.0,0.0,0.0,0.0
2024-05-13,0.0,0.0,0.0,0.0,0.0,0.0,0.0,0.0,0.0,0.0
2024-05-14,0.0,0.0,0.0,0.0,0.0,0.0,0.0,0.0,0.0,0.0
2024-05-15,0.0,0.0,0.0,0.0,0.0,0.0,0.0,0.0,0.0,0.0
2024-05-16,0.0,0.0,0.0,0.0,0.0,0.0,0.0,0.0,0.0,0.0
2024-05-17,0.0,0.0,0.0,0.0,0.0,0.0,0.0,0.0,0.0,0.0
2024-05-20,0.0,0.0,0.0,0.0,0.0,0.0,0.0,0.0,0.0,0.0
2024-05-21,0.0,0.0,0.0,0.0,0.0,0.0,0.0,0.0,0.0,0.0
2024-05-22,0.0,0.0,0.0,0.0,0.0,0.0,0.0,0.0,0.0,0.0
2024-05-23,0.0,0.0,0.0,0.0,0.0,0.0,0.0,0.0,0.0,0.0
2024-05-24,0.0,0.0,0.0,0.0,0.0,0.0,0.0,0.0,0.0,0.0
2024-05-28,0.0,0.0,0.0,0.0,0.0,0.0,0.0,0.0,0.0,0.0
2024-05-29,0.0,7.260616781230985e-07,2.0066947559544976e-06,0.0,3.5588706309512403e-06,8.34991665701737e-07,0.1902785998378918,0.1902785998378918,0.049999999999999996,-7.126618730730574e-06
2024-05-30,-0.001249814112699915,4.775459048360045e-08,2.0277406481087934e-07,0.0,7.449210487283876e-08,9.243167144036116e-07,0.01616939732431063,0.20528520801980676,0.05000000000000001,-0.001251063450174486
2024-05-31,0.0018819776941802749,7.73816268606699e-07,3.3228428374494425e-06,0.0,3.7806832717935433e-06,0.0,0.20728709259381994,0.0,0.0,0.0018741003518024252
2024-06-03,0.0,6.711359974370162e-07,1.5484084263004455e-06,0.0,6.46170478790983e-06,6.287767566734529e-07,0.15563449512114008,0.15563449512114008,0.05,-9.310025968320746e-06
2024-06-04,0.0012838667328390785,1.8409207747340673e-06,7.129216186094046e-06,0.0,1.3871883477280596e-05,2.0857125068929324e-06,0.4562093094517743,0.30039970115801273,-0.05000000000000002,0.0012589389998940769
2024-06-05,0.0023290401612141255,1.5607324058103402e-07,5.968237658134043e-07,0.0,3.692960712196416e-07,2.3073492870591653e-06,0.042362547892684926,0.33763468022593973,-0.05,0.0023256106188494522
2024-06-06,-0.007268641757107339,1.2849459181150981e-06,3.868012194856365e-06,0.0,7.803735097456467e-06,0.0,0.33016058653279423,0.0,0.0,-0.007281598450317767
2024-06-07,0.0,0.0,0.0,0.0,0.0,0.0,0.0,0.0,0.0,0.0
2024-06-10,0.0,0.0,0.0,0.0,0.0,0.0,0.0,0.0,0.0,0.0
2024-06-11,0.0,0.0,0.0,0.0,0.0,0.0,0.0,0.0,0.0,0.0
2024-06-12,0.0,0.0,0.0,0.0,0.0,0.0,0.0,0.0,0.0,0.0
2024-06-13,0.0,0.0,0.0,0.0,0.0,0.0,0.0,0.0,0.0,0.0
2024-06-14,0.0,0.0,0.0,0.0,0.0,0.0,0.0,0.0,0.0,0.0
2024-06-17,0.0,5.192782592144919e-07,2.555131927319495e-06,0.0,3.6326576279540446e-06,1.2155273349019828e-06,0.15420859226353312,0.15420859226353312,-0.05,-7.922595149390014e-06
2024-06-18,-0.0013945692030552016,1.121962274943004e-08,3.3383285643497677e-08,0.0,1.4853481423142262e-08,1.220253414241012e-06,0.0036691561719147253,0.15500257359249,-0.049999999999999996,-0.0013958489128592586
2024-06-20,-0.00012206861929118283,5.193899886991597e-07,1.5552576825006193e-06,0.0,3.519651302123381e-06,0.0,0.15463691674259222,0.0,0.0,-0.00012766291826450598
2024-06-21,0.0,0.0,0.0,0.0,0.0,0.0,0.0,0.0,0.0,0.0
2024-06-24,0.0,0.0,0.0,0.0,0.0,0.0,0.0,0.0,0.0,0.0
2024-06-25,0.0,0.0,0.0,0.0,0.0,0.0,0.0,0.0,0.0,0.0
2024-06-26,0.0,0.0,0.0,0.0,0.0,0.0,0.0,0.0,0.0,0.0
2024-06-27,0.0,0.0,0.0,0.0,0.0,0.0,0.0,0.0,0.0,0.0
2024-06-28,0.0,0.0,0.0,0.0,0.0,0.0,0.0,0.0,0.0,0.0
2024-07-01,0.0,0.0,0.0,0.0,0.0,0.0,0.0,0.0,0.0,0.0
2024-07-02,0.0,0.0,0.0,0.0,0.0,0.0,0.0,0.0,0.0,0.0
2024-07-05,0.0,0.0,0.0,0.0,0.0,0.0,0.0,0.0,0.0,0.0
2024-07-08,0.0,0.0,0.0,0.0,0.0,0.0,0.0,0.0,0.0,0.0
2024-07-09,0.0,0.0,0.0,0.0,0.0,0.0,0.0,0.0,0.0,0.0
2024-07-10,0.0,0.0,0.0,0.0,0.0,0.0,0.0,0.0,0.0,0.0
2024-07-11,0.0,0.0,0.0,0.0,0.0,0.0,0.0,0.0,0.0,0.0
2024-07-12,0.0,6.620018215532497e-07,3.1470507744506747e-06,0.0,5.612048780966999e-06,1.444128115688329e-06,0.19261352343563926,0.19261352343563926,-0.05000000000000001,-1.0865229492659253e-05
2024-07-15,0.0007571565105566741,1.0116857434553357e-06,2.345965091617494e-06,0.0,3.5131382654653257e-06,1.8241157334786107e-06,0.17896041926424774,0.2564514432244066,-0.05,0.0007484616057226573
2024-07-16,0.0009424464372744027,4.769802548396445e-07,2.0208463812168644e-06,0.0,3.6050253251752067e-06,1.0291908088011364e-06,0.1687215776742735,0.14082441723444625,-0.032079638644144655,0.0009353143945043698
2024-07-17,-0.00010645681797714886,8.326779934419616e-07,1.6610533994334845e-06,0.0,1.8742789101279445e-06,0.0,0.1414805238573341,0.0,0.0,-0.00011082482828015225
2024-07-18,0.0,0.0,0.0,0.0,0.0,0.0,0.0,0.0,0.0,0.0
2024-07-19,0.0,0.0,0.0,0.0,0.0,0.0,0.0,0.0,0.0,0.0
2024-07-22,0.0,0.0,0.0,0.0,0.0,0.0,0.0,0.0,0.0,0.0
2024-07-23,0.0,0.0,0.0,0.0,0.0,0.0,0.0,0.0,0.0,0.0
2024-07-24,0.0,0.0,0.0,0.0,0.0,0.0,0.0,0.0,0.0,0.0
2024-07-25,0.0,0.0,0.0,0.0,0.0,0.0,0.0,0.0,0.0,0.0
2024-07-26,0.0,0.0,0.0,0.0,0.0,0.0,0.0,0.0,0.0,0.0
2024-07-29,0.0,3.8240503769182273e-07,2.979486293797146e-06,0.0,1.5451270195766491e-06,1.3994250355823732e-06,0.18510340597783867,0.18510340597783867,-0.049999999999999996,-6.30644338664799e-06
2024-07-30,-0.001009793766656152,3.8240503769182273e-07,1.8540943809594602e-06,0.0,1.5369831748730803e-06,0.0,0.18317336321718322,0.0,0.0,-0.0010135672492496762
2024-07-31,0.0,0.0,0.0,0.0,0.0,0.0,0.0,0.0,0.0,0.0
2024-08-01,0.0,0.0,0.0,0.0,0.0,0.0,0.0,0.0,0.0,0.0
2024-08-02,0.0,0.0,0.0,0.0,0.0,0.0,0.0,0.0,0.0,0.0
2024-08-05,0.0,3.3725348424805848e-06,6.221930911870165e-06,0.0,2.346217697050343e-05,2.660286614889676e-06,0.49692815130146567,0.49692815130146567,0.050000000000000044,-3.5716929339743854e-05
2024-08-06,0.0006733849622273183,4.113556621302247e-06,9.538733877751564e-06,0.0,4.69481873978628e-05,2.8571428571428573e-06,0.6925632021481408,0.5088211120514884,0.028821112051488434,0.0006099273414732589
2024-08-07,-0.0008495410709117711,3.953321437668603e-06,7.524046289777597e-06,0.0,4.4320469735736605e-05,0.0,0.5075898124383302,0.0,0.0,-0.0009053389083749539
2024-08-08,0.0,0.0,0.0,0.0,0.0,0.0,0.0,0.0,0.0,0.0
2024-08-09,0.0,0.0,0.0,0.0,0.0,0.0,0.0,0.0,0.0,0.0
2024-08-12,0.0,0.0,0.0,0.0,0.0,0.0,0.0,0.0,0.0,0.0
2024-08-13,0.0,0.0,0.0,0.0,0.0,0.0,0.0,0.0,0.0,0.0
2024-08-14,0.0,0.0,0.0,0.0,0.0,0.0,0.0,0.0,0.0,0.0
2024-08-15,0.0,0.0,0.0,0.0,0.0,0.0,0.0,0.0,0.0,0.0
2024-08-16,0.0,0.0,0.0,0.0,0.0,0.0,0.0,0.0,0.0,0.0
2024-08-19,0.0,0.0,0.0,0.0,0.0,0.0,0.0,0.0,0.0,0.0
2024-08-20,0.0,0.0,0.0,0.0,0.0,0.0,0.0,0.0,0.0,0.0
2024-08-21,0.0,0.0,0.0,0.0,0.0,0.0,0.0,0.0,0.0,0.0
2024-08-22,0.0,0.0,0.0,0.0,0.0,0.0,0.0,0.0,0.0,0.0
2024-08-23,0.0,0.0,0.0,0.0,0.0,0.0,0.0,0.0,0.0,0.0
2024-08-26,0.0,0.0,0.0,0.0,0.0,0.0,0.0,0.0,0.0,0.0
2024-08-27,0.0,0.0,0.0,0.0,0.0,0.0,0.0,0.0,0.0,0.0
2024-08-28,0.0,0.0,0.0,0.0,0.0,0.0,0.0,0.0,0.0,0.0
2024-08-29,0.0,0.0,0.0,0.0,0.0,0.0,0.0,0.0,0.0,0.0
2024-08-30,0.0,0.0,0.0,0.0,0.0,0.0,0.0,0.0,0.0,0.0
2024-09-03,0.0,0.0,0.0,0.0,0.0,0.0,0.0,0.0,0.0,0.0
2024-09-04,0.0,0.0,0.0,0.0,0.0,0.0,0.0,0.0,0.0,0.0
2024-09-05,0.0,0.0,0.0,0.0,0.0,0.0,0.0,0.0,0.0,0.0
2024-09-06,0.0,0.0,0.0,0.0,0.0,0.0,0.0,0.0,0.0,0.0
2024-09-09,0.0,0.0,0.0,0.0,0.0,0.0,0.0,0.0,0.0,0.0
2024-09-10,0.0,0.0,0.0,0.0,0.0,0.0,0.0,0.0,0.0,0.0
2024-09-11,0.0,0.0,0.0,0.0,0.0,0.0,0.0,0.0,0.0,0.0
2024-09-12,0.0,0.0,0.0,0.0,0.0,0.0,0.0,0.0,0.0,0.0
2024-09-13,0.0,0.0,0.0,0.0,0.0,0.0,0.0,0.0,0.0,0.0
2024-09-16,0.0,0.0,0.0,0.0,0.0,0.0,0.0,0.0,0.0,0.0
2024-09-17,0.0,0.0,0.0,0.0,0.0,0.0,0.0,0.0,0.0,0.0
2024-09-18,0.0,0.0,0.0,0.0,0.0,0.0,0.0,0.0,0.0,0.0
2024-09-19,0.0,0.0,0.0,0.0,0.0,0.0,0.0,0.0,0.0,0.0
2024-09-20,0.0,0.0,0.0,0.0,0.0,0.0,0.0,0.0,0.0,0.0
2024-09-23,0.0,0.0,0.0,0.0,0.0,0.0,0.0,0.0,0.0,0.0
2024-09-24,0.0,0.0,0.0,0.0,0.0,0.0,0.0,0.0,0.0,0.0
2024-09-25,0.0,0.0,0.0,0.0,0.0,0.0,0.0,0.0,0.0,0.0
2024-09-26,0.0,0.0,0.0,0.0,0.0,0.0,0.0,0.0,0.0,0.0
2024-09-27,0.0,0.0,0.0,0.0,0.0,0.0,0.0,0.0,0.0,0.0
2024-09-30,0.0,0.0,0.0,0.0,0.0,0.0,0.0,0.0,0.0,0.0
2024-10-01,0.0,0.0,0.0,0.0,0.0,0.0,0.0,0.0,0.0,0.0
2024-10-02,0.0,0.0,0.0,0.0,0.0,0.0,0.0,0.0,0.0,0.0
2024-10-03,0.0,0.0,0.0,0.0,0.0,0.0,0.0,0.0,0.0,0.0
2024-10-04,0.0,0.0,0.0,0.0,0.0,0.0,0.0,0.0,0.0,0.0
2024-10-07,0.0,0.0,0.0,0.0,0.0,0.0,0.0,0.0,0.0,0.0
2024-10-08,0.0,0.0,0.0,0.0,0.0,0.0,0.0,0.0,0.0,0.0
2024-10-09,0.0,0.0,0.0,0.0,0.0,0.0,0.0,0.0,0.0,0.0
2024-10-10,0.0,0.0,0.0,0.0,0.0,0.0,0.0,0.0,0.0,0.0
2024-10-11,0.0,0.0,0.0,0.0,0.0,0.0,0.0,0.0,0.0,0.0
2024-10-14,0.0,0.0,0.0,0.0,0.0,0.0,0.0,0.0,0.0,0.0
2024-10-15,0.0,0.0,0.0,0.0,0.0,0.0,0.0,0.0,0.0,0.0
2024-10-16,0.0,0.0,0.0,0.0,0.0,0.0,0.0,0.0,0.0,0.0
2024-10-17,0.0,0.0,0.0,0.0,0.0,0.0,0.0,0.0,0.0,0.0
2024-10-18,0.0,0.0,0.0,0.0,0.0,0.0,0.0,0.0,0.0,0.0
2024-10-21,0.0,0.0,0.0,0.0,0.0,0.0,0.0,0.0,0.0,0.0
2024-10-22,0.0,0.0,0.0,0.0,0.0,0.0,0.0,0.0,0.0,0.0
2024-10-23,0.0,0.0,0.0,0.0,0.0,0.0,0.0,0.0,0.0,0.0
2024-10-24,0.0,0.0,0.0,0.0,0.0,0.0,0.0,0.0,0.0,0.0
2024-10-25,0.0,0.0,0.0,0.0,0.0,0.0,0.0,0.0,0.0,0.0
2024-10-28,0.0,0.0,0.0,0.0,0.0,0.0,0.0,0.0,0.0,0.0
2024-10-29,0.0,0.0,0.0,0.0,0.0,0.0,0.0,0.0,0.0,0.0
2024-10-30,0.0,0.0,0.0,0.0,0.0,0.0,0.0,0.0,0.0,0.0
2024-10-31,0.0,6.531545452632477e-07,2.223461534921054e-06,0.0,5.162758689703293e-06,9.536678330417396e-07,0.21021619595101226,0.21021619595101226,0.05000000000000003,-8.993042602929333e-06
2024-11-01,0.002012957643523815,2.7539362899855154e-07,1.3380368494434996e-06,0.0,2.0852383891955483e-06,3.616066200866545e-07,0.09818004508905372,0.11074991217455796,0.05,0.0020088973680360907
2024-11-04,-0.0006121670159719283,3.77760916264696e-07,2.0137111538373217e-06,0.0,1.3730882221415209e-06,0.0,0.11033050115607154,0.0,0.0,-0.0006159315762641718
2024-11-05,0.0,0.0,0.0,0.0,0.0,0.0,0.0,0.0,0.0,0.0
2024-11-06,0.0,0.0,0.0,0.0,0.0,0.0,0.0,0.0,0.0,0.0
2024-11-07,0.0,6.678442005823271e-07,2.5002645167897604e-06,0.0,6.356989477235063e-06,1.1712231310844245e-06,0.16222889086798425,0.16222889086798425,-0.03453659515419909,-1.0696321325691575e-05
2024-11-08,-0.0012563125181831183,6.678442005823269e-07,1.824858719998568e-06,0.0,6.362826772338688e-06,0.0,0.16143593330516864,0.0,0.0,-0.0012651680478760379
2024-11-11,0.0,0.0,0.0,0.0,0.0,0.0,0.0,0.0,0.0,0.0
2024-11-12,0.0,0.0,0.0,0.0,0.0,0.0,0.0,0.0,0.0,0.0
2024-11-13,0.0,0.0,0.0,0.0,0.0,0.0,0.0,0.0,0.0,0.0
2024-11-14,0.0,0.0,0.0,0.0,0.0,0.0,0.0,0.0,0.0,0.0
2024-11-15,0.0,0.0,0.0,0.0,0.0,0.0,0.0,0.0,0.0,0.0
2024-11-18,0.0,0.0,0.0,0.0,0.0,0.0,0.0,0.0,0.0,0.0
2024-11-19,0.0,0.0,0.0,0.0,0.0,0.0,0.0,0.0,0.0,0.0
2024-11-20,0.0,0.0,0.0,0.0,0.0,0.0,0.0,0.0,0.0,0.0
2024-11-21,0.0,0.0,0.0,0.0,0.0,0.0,0.0,0.0,0.0,0.0
2024-11-22,0.0,0.0,0.0,0.0,0.0,0.0,0.0,0.0,0.0,0.0
2024-11-25,0.0,0.0,0.0,0.0,0.0,0.0,0.0,0.0,0.0,0.0
2024-11-26,0.0,0.0,0.0,0.0,0.0,0.0,0.0,0.0,0.0,0.0
2024-11-27,0.0,0.0,0.0,0.0,0.0,0.0,0.0,0.0,0.0,0.0
2024-12-02,0.0,0.0,0.0,0.0,0.0,0.0,0.0,0.0,0.0,0.0
2024-12-03,0.0,0.0,0.0,0.0,0.0,0.0,0.0,0.0,0.0,0.0
2024-12-04,0.0,0.0,0.0,0.0,0.0,0.0,0.0,0.0,0.0,0.0
2024-12-05,0.0,0.0,0.0,0.0,0.0,0.0,0.0,0.0,0.0,0.0
2024-12-06,0.0,0.0,0.0,0.0,0.0,0.0,0.0,0.0,0.0,0.0
2024-12-09,0.0,0.0,0.0,0.0,0.0,0.0,0.0,0.0,0.0,0.0
2024-12-10,0.0,0.0,0.0,0.0,0.0,0.0,0.0,0.0,0.0,0.0
2024-12-11,0.0,0.0,0.0,0.0,0.0,0.0,0.0,0.0,0.0,0.0
2024-12-12,0.0,0.0,0.0,0.0,0.0,0.0,0.0,0.0,0.0,0.0
2024-12-13,0.0,0.0,0.0,0.0,0.0,0.0,0.0,0.0,0.0,0.0
2024-12-16,0.0,0.0,0.0,0.0,0.0,0.0,0.0,0.0,0.0,0.0
2024-12-17,0.0,0.0,0.0,0.0,0.0,0.0,0.0,0.0,0.0,0.0
2024-12-18,0.0,0.0,0.0,0.0,0.0,0.0,0.0,0.0,0.0,0.0
2024-12-19,0.0,0.0,0.0,0.0,0.0,0.0,0.0,0.0,0.0,0.0
2024-12-20,0.0,0.0,0.0,0.0,0.0,0.0,0.0,0.0,0.0,0.0
2024-12-23,0.0,0.0,0.0,0.0,0.0,0.0,0.0,0.0,0.0,0.0
2024-12-26,0.0,0.0,0.0,0.0,0.0,0.0,0.0,0.0,0.0,0.0
2024-12-27,0.0,0.0,0.0,0.0,0.0,0.0,0.0,0.0,0.0,0.0
2024-12-30,0.0,0.0,0.0,0.0,0.0,0.0,0.0,0.0,0.0,0.0
2024-12-31,0.0,0.0,0.0,0.0,0.0,0.0,0.0,0.0,0.0,0.0
2025-01-02,0.0,0.0,0.0,0.0,0.0,0.0,0.0,0.0,0.0,0.0
2025-01-03,0.0,0.0,0.0,0.0,0.0,0.0,0.0,0.0,0.0,0.0
2025-01-06,0.0,1.245295406668071e-06,1.794327497501228e-06,0.0,6.988337705046701e-06,7.37079404731078e-07,0.1710145966532328,0.1710145966532328,0.047185256658411695,-1.0765040013947077e-05
2025-01-07,-3.184382356283442e-05,1.4807403302415404e-06,2.362037831385461e-06,0.0,3.5735866211116487e-06,1.4645986836264945e-06,0.1598755404767887,0.29605257884925107,0.05,-4.072478702919956e-05
2025-01-08,0.0009570136271934031,1.1299223495544725e-06,2.2522629036407608e-06,0.0,6.434841376325527e-06,8.126122611323773e-07,0.15884000155389486,0.1865188598702394,0.049999999999999996,0.0009463839883027499
2025-01-10,3.743314389707858e-05,1.4174208154912287e-06,2.9260872209735954e-06,0.0,4.605618372299706e-06,0.0,0.1833014573986967,0.0,0.0,2.8484017488314047e-05
2025-01-13,0.0,0.0,0.0,0.0,0.0,0.0,0.0,0.0,0.0,0.0
2025-01-14,0.0,0.0,0.0,0.0,0.0,0.0,0.0,0.0,0.0,0.0
2025-01-15,0.0,0.0,0.0,0.0,0.0,0.0,0.0,0.0,0.0,0.0
2025-01-16,0.0,0.0,0.0,0.0,0.0,0.0,0.0,0.0,0.0,0.0
2025-01-17,0.0,0.0,0.0,0.0,0.0,0.0,0.0,0.0,0.0,0.0
2025-01-21,0.0,0.0,0.0,0.0,0.0,0.0,0.0,0.0,0.0,0.0
2025-01-22,0.0,0.0,0.0,0.0,0.0,0.0,0.0,0.0,0.0,0.0
2025-01-23,0.0,0.0,0.0,0.0,0.0,0.0,0.0,0.0,0.0,0.0
2025-01-24,0.0,0.0,0.0,0.0,0.0,0.0,0.0,0.0,0.0,0.0
2025-01-27,0.0,0.0,0.0,0.0,0.0,0.0,0.0,0.0,0.0,0.0
2025-01-28,0.0,0.0,0.0,0.0,0.0,0.0,0.0,0.0,0.0,0.0
2025-01-29,0.0,0.0,0.0,0.0,0.0,0.0,0.0,0.0,0.0,0.0
2025-01-30,0.0,0.0,0.0,0.0,0.0,0.0,0.0,0.0,0.0,0.0
2025-01-31,0.0,0.0,0.0,0.0,0.0,0.0,0.0,0.0,0.0,0.0
2025-02-03,0.0,9.267931372176796e-07,1.759464439299654e-06,0.0,2.7834496797078635e-06,7.39285312535153e-07,0.17419993250590574,0.17419993250590574,0.05000000000000001,-6.20899256876035e-06
2025-02-04,-0.0012783508344618136,9.267931372176796e-07,2.9332357398999732e-06,0.0,2.7292037415659425e-06,0.0,0.17308389428461943,0.0,0.0,-0.0012849400670804972
2025-02-05,0.0,1.0496412835915162e-06,1.8167391319131816e-06,0.0,4.007195028502239e-06,7.726497261380982e-07,0.1798051539912005,0.1798051539912005,0.05000000000000001,-7.646225170145036e-06
2025-02-06,-0.00124809986890755,7.909646445898133e-08,2.1584894737471153e-07,0.0,6.226516198058418e-08,7.075662174894933e-07,0.01752267782371312,0.16887112453823488,0.05,-0.0012491646456988539
2025-02-07,6.301566647076042e-05,1.0977184243316638e-06,2.9425398508441714e-06,0.0,4.121428345748812e-06,0.0,0.16825239697641103,0.0,0.0,5.4853979849835775e-05
2025-02-10,0.0,0.0,0.0,0.0,0.0,0.0,0.0,0.0,0.0,0.0
2025-02-11,0.0,0.0,0.0,0.0,0.0,0.0,0.0,0.0,0.0,0.0
2025-02-12,0.0,0.0,0.0,0.0,0.0,0.0,0.0,0.0,0.0,0.0
2025-02-13,0.0,0.0,0.0,0.0,0.0,0.0,0.0,0.0,0.0,0.0
2025-02-14,0.0,0.0,0.0,0.0,0.0,0.0,0.0,0.0,0.0,0.0
2025-02-18,0.0,0.0,0.0,0.0,0.0,0.0,0.0,0.0,0.0,0.0
2025-02-19,0.0,0.0,0.0,0.0,0.0,0.0,0.0,0.0,0.0,0.0
2025-02-20,0.0,0.0,0.0,0.0,0.0,0.0,0.0,0.0,0.0,0.0
2025-02-21,0.0,0.0,0.0,0.0,0.0,0.0,0.0,0.0,0.0,0.0
2025-02-24,0.0,0.0,0.0,0.0,0.0,0.0,0.0,0.0,0.0,0.0
2025-02-25,0.0,0.0,0.0,0.0,0.0,0.0,0.0,0.0,0.0,0.0
2025-02-26,0.0,0.0,0.0,0.0,0.0,0.0,0.0,0.0,0.0,0.0
2025-02-27,0.0,0.0,0.0,0.0,0.0,0.0,0.0,0.0,0.0,0.0
2025-02-28,0.0,0.0,0.0,0.0,0.0,0.0,0.0,0.0,0.0,0.0
2025-03-03,0.0,0.0,0.0,0.0,0.0,0.0,0.0,0.0,0.0,0.0
2025-03-04,0.0,0.0,0.0,0.0,0.0,0.0,0.0,0.0,0.0,0.0
2025-03-05,0.0,0.0,0.0,0.0,0.0,0.0,0.0,0.0,0.0,0.0
2025-03-06,0.0,0.0,0.0,0.0,0.0,0.0,0.0,0.0,0.0,0.0
2025-03-07,0.0,7.373191295302468e-07,2.8916597717788913e-06,0.0,1.0592243605582942e-05,1.326827449826898e-06,0.20322382763553606,0.20322382763553606,-0.019683183935382768,-1.554804995671898e-05
2025-03-10,-0.0013754142723865748,7.646131206326385e-06,9.527109330715304e-06,0.0,3.972577548667261e-05,4.691714566499412e-06,0.6024481077688151,0.7382080471719011,-0.05000000000000001,-0.0014370050029767886
2025-03-11,0.007474406350677085,7.706065040839267e-06,9.622756032628026e-06,0.0,4.0929868695412717e-05,1.216511251055241e-06,0.7846178588207279,0.2543738901772805,0.049999999999999975,0.00741493114965715
2025-03-12,-6.582394028127198e-05,1.5642272269904162e-06,3.917224375629908e-06,0.0,1.4725368573798342e-05,0.0,0.2504123762482827,0.0,0.0,-8.603076045769065e-05
2025-03-13,0.0,6.075454879229951e-06,1.1742990517614631e-05,0.0,3.0879878540954714e-05,4.979872053417216e-06,0.8866185049740922,0.8866185049740922,0.04999999999999996,-5.367819599121651e-05
2025-03-14,0.0008110435514262298,3.104868557691554e-06,5.950576834558622e-06,0.0,1.537060118774762e-05,4.699810378184828e-06,0.42772548371800245,0.8395681435350512,0.04999999999999996,0.0007819176944680471
2025-03-17,0.007252771320462521,5.426764966765564e-06,1.196077963063496e-05,0.0,2.31581392153279e-05,0.0,0.8400010338217347,0.0,0.0,0.007212225636649793
2025-03-18,0.0,0.0,0.0,0.0,0.0,0.0,0.0,0.0,0.0,0.0
2025-03-19,0.0,0.0,0.0,0.0,0.0,0.0,0.0,0.0,0.0,0.0
2025-03-20,0.0,0.0,0.0,0.0,0.0,0.0,0.0,0.0,0.0,0.0
2025-03-21,0.0,0.0,0.0,0.0,0.0,0.0,0.0,0.0,0.0,0.0
2025-03-24,0.0,0.0,0.0,0.0,0.0,0.0,0.0,0.0,0.0,0.0
2025-03-25,0.0,0.0,0.0,0.0,0.0,0.0,0.0,0.0,0.0,0.0
2025-03-26,0.0,0.0,0.0,0.0,0.0,0.0,0.0,0.0,0.0,0.0
2025-03-27,0.0,0.0,0.0,0.0,0.0,0.0,0.0,0.0,0.0,0.0
2025-03-28,0.0,0.0,0.0,0.0,0.0,0.0,0.0,0.0,0.0,0.0
2025-03-31,0.0,0.0,0.0,0.0,0.0,0.0,0.0,0.0,0.0,0.0
2025-04-01,0.0,0.0,0.0,0.0,0.0,0.0,0.0,0.0,0.0,0.0
2025-04-02,0.0,0.0,0.0,0.0,0.0,0.0,0.0,0.0,0.0,0.0
2025-04-03,0.0,0.0,0.0,0.0,0.0,0.0,0.0,0.0,0.0,0.0
2025-04-04,0.0,0.0,0.0,0.0,0.0,0.0,0.0,0.0,0.0,0.0
2025-04-07,0.0,0.0,0.0,0.0,0.0,0.0,0.0,0.0,0.0,0.0
2025-04-08,0.0,1.4653216374827908e-06,3.4914566080544524e-06,0.0,1.3047331397821183e-05,1.4285714285714286e-06,0.2899999999999999,0.2899999999999999,0.049999999999999975,-1.9432681071929854e-05
2025-04-09,-0.0017580804586008567,1.0709875963791649e-06,3.210065183540778e-06,0.0,1.9753583637655697e-05,2.8571428571428573e-06,0.24175808045860084,0.53,0.049999999999999975,-0.0017849722378755753
2025-04-10,0.002098062360920976,2.2795486733357247e-06,7.3433402190645735e-06,0.0,3.44007672636279e-05,0.0,0.5112207966442046,0.0,0.0,0.002054038704764948
2025-04-11,0.0,2.659449922243704e-06,3.39333409610984e-06,0.0,2.1670301664203834e-05,1.4285714285714286e-06,0.29,0.29,0.05,-2.9151657111128808e-05
2025-04-14,0.0003792611734727085,2.659449922243703e-06,4.792641608435085e-06,0.0,2.276917413143047e-05,0.0,0.2940177051093995,0.0,0.0,0.00034903990781059925
2025-04-15,0.0,0.0,0.0,0.0,0.0,0.0,0.0,0.0,0.0,0.0
2025-04-16,0.0,0.0,0.0,0.0,0.0,0.0,0.0,0.0,0.0,0.0
2025-04-17,0.0,0.0,0.0,0.0,0.0,0.0,0.0,0.0,0.0,0.0
2025-04-21,0.0,0.0,0.0,0.0,0.0,0.0,0.0,0.0,0.0,0.0
2025-04-22,0.0,4.823777684461151e-06,4.145886263937199e-06,0.0,7.184820127763322e-06,1.3504681915891895e-06,0.2768786561869838,0.2768786561869838,0.04999999999999999,-1.750495226775086e-05
2025-04-23,0.002143074868932731,4.823777684461151e-06,4.201482743035608e-06,0.0,7.212500369389506e-06,0.0,0.2773461132111087,0.0,0.0,0.002126837108135845
2025-04-24,0.0,0.0,0.0,0.0,0.0,0.0,0.0,0.0,0.0,0.0
2025-04-25,0.0,0.0,0.0,0.0,0.0,0.0,0.0,0.0,0.0,0.0
2025-04-28,0.0,0.0,0.0,0.0,0.0,0.0,0.0,0.0,0.0,0.0
2025-04-29,0.0,0.0,0.0,0.0,0.0,0.0,0.0,0.0,0.0,0.0
2025-04-30,0.0,0.0,0.0,0.0,0.0,0.0,0.0,0.0,0.0,0.0
2025-05-01,0.0,0.0,0.0,0.0,0.0,0.0,0.0,0.0,0.0,0.0
2025-05-02,0.0,0.0,0.0,0.0,0.0,0.0,0.0,0.0,0.0,0.0
2025-05-05,0.0,0.0,0.0,0.0,0.0,0.0,0.0,0.0,0.0,0.0
2025-05-06,0.0,0.0,0.0,0.0,0.0,0.0,0.0,0.0,0.0,0.0
2025-05-07,0.0,0.0,0.0,0.0,0.0,0.0,0.0,0.0,0.0,0.0
2025-05-08,0.0,0.0,0.0,0.0,0.0,0.0,0.0,0.0,0.0,0.0
2025-05-09,0.0,0.0,0.0,0.0,0.0,0.0,0.0,0.0,0.0,0.0
2025-05-12,0.0,0.0,0.0,0.0,0.0,0.0,0.0,0.0,0.0,0.0
2025-05-13,0.0,2.061293696134846e-06,2.3883125050835344e-06,0.0,6.873903253475674e-06,9.535311286778764e-07,0.18402477952913773,0.18402477952913773,0.0238315499112545,-1.227704058337193e-05
2025-05-14,0.001758903341949821,2.061293696134846e-06,2.8643868296432817e-06,0.0,6.853415131191457e-06,0.0,0.18280795627488278,0.0,0.0,0.0017471242462928514
2025-05-15,0.0,0.0,0.0,0.0,0.0,0.0,0.0,0.0,0.0,0.0
2025-05-16,0.0,0.0,0.0,0.0,0.0,0.0,0.0,0.0,0.0,0.0
2025-05-19,0.0,0.0,0.0,0.0,0.0,0.0,0.0,0.0,0.0,0.0
2025-05-20,0.0,0.0,0.0,0.0,0.0,0.0,0.0,0.0,0.0,0.0
2025-05-21,0.0,0.0,0.0,0.0,0.0,0.0,0.0,0.0,0.0,0.0
2025-05-22,0.0,0.0,0.0,0.0,0.0,0.0,0.0,0.0,0.0,0.0
2025-05-23,0.0,0.0,0.0,0.0,0.0,0.0,0.0,0.0,0.0,0.0
2025-05-27,0.0,0.0,0.0,0.0,0.0,0.0,0.0,0.0,0.0,0.0
2025-05-28,0.0,0.0,0.0,0.0,0.0,0.0,0.0,0.0,0.0,0.0
2025-05-29,0.0,0.0,0.0,0.0,0.0,0.0,0.0,0.0,0.0,0.0
2025-05-30,0.0,0.0,0.0,0.0,0.0,0.0,0.0,0.0,0.0,0.0
2025-06-02,0.0,0.0,0.0,0.0,0.0,0.0,0.0,0.0,0.0,0.0
2025-06-03,0.0,0.0,0.0,0.0,0.0,0.0,0.0,0.0,0.0,0.0
2025-06-04,0.0,0.0,0.0,0.0,0.0,0.0,0.0,0.0,0.0,0.0
2025-06-05,0.0,0.0,0.0,0.0,0.0,0.0,0.0,0.0,0.0,0.0
2025-06-06,0.0,0.0,0.0,0.0,0.0,0.0,0.0,0.0,0.0,0.0
2025-06-09,0.0,0.0,0.0,0.0,0.0,0.0,0.0,0.0,0.0,0.0
2025-06-10,0.0,0.0,0.0,0.0,0.0,0.0,0.0,0.0,0.0,0.0
2025-06-11,0.0,0.0,0.0,0.0,0.0,0.0,0.0,0.0,0.0,0.0
2025-06-12,0.0,0.0,0.0,0.0,0.0,0.0,0.0,0.0,0.0,0.0
2025-06-13,0.0,0.0,0.0,0.0,0.0,0.0,0.0,0.0,0.0,0.0
2025-06-16,0.0,0.0,0.0,0.0,0.0,0.0,0.0,0.0,0.0,0.0
2025-06-17,0.0,0.0,0.0,0.0,0.0,0.0,0.0,0.0,0.0,0.0
2025-06-18,0.0,0.0,0.0,0.0,0.0,0.0,0.0,0.0,0.0,0.0
2025-06-20,0.0,0.0,0.0,0.0,0.0,0.0,0.0,0.0,0.0,0.0
2025-06-23,0.0,0.0,0.0,0.0,0.0,0.0,0.0,0.0,0.0,0.0
2025-06-24,0.0,0.0,0.0,0.0,0.0,0.0,0.0,0.0,0.0,0.0
2025-06-25,0.0,0.0,0.0,0.0,0.0,0.0,0.0,0.0,0.0,0.0
2025-06-26,0.0,0.0,0.0,0.0,0.0,0.0,0.0,0.0,0.0,0.0
2025-06-27,0.0,0.0,0.0,0.0,0.0,0.0,0.0,0.0,0.0,0.0
2025-06-30,0.0,0.0,0.0,0.0,0.0,0.0,0.0,0.0,0.0,0.0
2025-07-01,0.0,0.0,0.0,0.0,0.0,0.0,0.0,0.0,0.0,0.0
2025-07-02,0.0,0.0,0.0,0.0,0.0,0.0,0.0,0.0,0.0,0.0
2025-07-07,0.0,0.0,0.0,0.0,0.0,0.0,0.0,0.0,0.0,0.0
2025-07-08,0.0,0.0,0.0,0.0,0.0,0.0,0.0,0.0,0.0,0.0
2025-07-09,0.0,0.0,0.0,0.0,0.0,0.0,0.0,0.0,0.0,0.0
2025-07-10,0.0,0.0,0.0,0.0,0.0,0.0,0.0,0.0,0.0,0.0
2025-07-11,0.0,0.0,0.0,0.0,0.0,0.0,0.0,0.0,0.0,0.0
2025-07-14,0.0,0.0,0.0,0.0,0.0,0.0,0.0,0.0,0.0,0.0
2025-07-15,0.0,0.0,0.0,0.0,0.0,0.0,0.0,0.0,0.0,0.0
2025-07-16,0.0,0.0,0.0,0.0,0.0,0.0,0.0,0.0,0.0,0.0
2025-07-17,0.0,0.0,0.0,0.0,0.0,0.0,0.0,0.0,0.0,0.0
2025-07-18,0.0,0.0,0.0,0.0,0.0,0.0,0.0,0.0,0.0,0.0
2025-07-21,0.0,0.0,0.0,0.0,0.0,0.0,0.0,0.0,0.0,0.0
2025-07-22,0.0,0.0,0.0,0.0,0.0,0.0,0.0,0.0,0.0,0.0
2025-07-23,0.0,0.0,0.0,0.0,0.0,0.0,0.0,0.0,0.0,0.0
2025-07-24,0.0,4.453439468589929e-07,2.8547653029577417e-06,0.0,3.4878491614149007e-06,1.351489965981513e-06,0.1770503142848942,0.1770503142848942,-0.05,-8.139448377213148e-06
2025-07-25,-6.987970021793417e-05,4.4534394685899296e-07,1.8347684885805234e-06,0.0,3.59593200004661e-06,0.0,0.17812030318825545,0.0,0.0,-7.57557446534203e-05
2025-07-28,0.0,0.0,0.0,0.0,0.0,0.0,0.0,0.0,0.0,0.0
2025-07-29,0.0,0.0,0.0,0.0,0.0,0.0,0.0,0.0,0.0,0.0
2025-07-30,0.0,0.0,0.0,0.0,0.0,0.0,0.0,0.0,0.0,0.0
2025-07-31,0.0,0.0,0.0,0.0,0.0,0.0,0.0,0.0,0.0,0.0
2025-08-01,0.0,0.0,0.0,0.0,0.0,0.0,0.0,0.0,0.0,0.0
2025-08-04,0.0,2.0876608516067224e-06,2.1068948067777314e-06,0.0,6.367959357454112e-06,7.979249778343283e-07,0.13018853822097637,0.13018853822097637,-0.0038628580551907867,-1.1360439993672893e-05
2025-08-05,0.001929894121902644,3.0165367313153266e-07,3.091786121823785e-07,0.0,2.9996851612284193e-07,6.462665890665858e-07,0.032315665396018114,0.11892791260299458,0.01035512563980819,0.0019283370545121407
2025-08-06,0.00029844546373090377,1.81268318521124e-06,1.731965328273953e-06,0.0,5.036953018207067e-06,0.0,0.11757086449168326,0.0,0.0,0.0002898638621992115
2025-08-07,0.0,0.0,0.0,0.0,0.0,0.0,0.0,0.0,0.0,0.0
2025-08-08,0.0,0.0,0.0,0.0,0.0,0.0,0.0,0.0,0.0,0.0
2025-08-11,0.0,0.0,0.0,0.0,0.0,0.0,0.0,0.0,0.0,0.0
2025-08-12,0.0,5.245338685366338e-07,1.931155253936615e-06,0.0,1.7455980635944775e-06,8.00873979399057e-07,0.18454682853904159,0.18454682853904159,0.05000000000000002,-5.0021611654667835e-06
2025-08-13,0.0023534972221206504,5.245338685366338e-07,2.9870880354166204e-06,0.0,1.7427513869961894e-06,0.0,0.1849219418105389,0.0,0.0,0.002348242848829701
2025-08-14,0.0,0.0,0.0,0.0,0.0,0.0,0.0,0.0,0.0,0.0
2025-08-15,0.0,0.0,0.0,0.0,0.0,0.0,0.0,0.0,0.0,0.0
2025-08-18,0.0,0.0,0.0,0.0,0.0,0.0,0.0,0.0,0.0,0.0
2025-08-19,0.0,0.0,0.0,0.0,0.0,0.0,0.0,0.0,0.0,0.0
2025-08-20,0.0,0.0,0.0,0.0,0.0,0.0,0.0,0.0,0.0,0.0
2025-08-21,0.0,0.0,0.0,0.0,0.0,0.0,0.0,0.0,0.0,0.0
2025-08-22,0.0,0.0,0.0,0.0,0.0,0.0,0.0,0.0,0.0,0.0
2025-08-25,0.0,0.0,0.0,0.0,0.0,0.0,0.0,0.0,0.0,0.0
2025-08-26,0.0,0.0,0.0,0.0,0.0,0.0,0.0,0.0,0.0,0.0
2025-08-27,0.0,0.0,0.0,0.0,0.0,0.0,0.0,0.0,0.0,0.0
2025-08-28,0.0,0.0,0.0,0.0,0.0,0.0,0.0,0.0,0.0,0.0
2025-08-29,0.0,0.0,0.0,0.0,0.0,0.0,0.0,0.0,0.0,0.0
2025-09-02,0.0,0.0,0.0,0.0,0.0,0.0,0.0,0.0,0.0,0.0
2025-09-03,0.0,0.0,0.0,0.0,0.0,0.0,0.0,0.0,0.0,0.0
2025-09-04,0.0,0.0,0.0,0.0,0.0,0.0,0.0,0.0,0.0,0.0
2025-09-05,0.0,0.0,0.0,0.0,0.0,0.0,0.0,0.0,0.0,0.0
2025-09-08,0.0,0.0,0.0,0.0,0.0,0.0,0.0,0.0,0.0,0.0
2025-09-09,0.0,0.0,0.0,0.0,0.0,0.0,0.0,0.0,0.0,0.0
2025-09-10,0.0,0.0,0.0,0.0,0.0,0.0,0.0,0.0,0.0,0.0
2025-09-11,0.0,0.0,0.0,0.0,0.0,0.0,0.0,0.0,0.0,0.0
2025-09-12,0.0,0.0,0.0,0.0,0.0,0.0,0.0,0.0,0.0,0.0
2025-09-15,0.0,0.0,0.0,0.0,0.0,0.0,0.0,0.0,0.0,0.0
2025-09-16,0.0,0.0,0.0,0.0,0.0,0.0,0.0,0.0,0.0,0.0
2025-09-17,0.0,0.0,0.0,0.0,0.0,0.0,0.0,0.0,0.0,0.0
2025-09-18,0.0,0.0,0.0,0.0,0.0,0.0,0.0,0.0,0.0,0.0
2025-09-19,0.0,0.0,0.0,0.0,0.0,0.0,0.0,0.0,0.0,0.0
2025-09-22,0.0,0.0,0.0,0.0,0.0,0.0,0.0,0.0,0.0,0.0
2025-09-23,0.0,0.0,0.0,0.0,0.0,0.0,0.0,0.0,0.0,0.0
2025-09-24,0.0,0.0,0.0,0.0,0.0,0.0,0.0,0.0,0.0,0.0
2025-09-25,0.0,0.0,0.0,0.0,0.0,0.0,0.0,0.0,0.0,0.0
2025-09-26,0.0,0.0,0.0,0.0,0.0,0.0,0.0,0.0,0.0,0.0
2025-09-29,0.0,0.0,0.0,0.0,0.0,0.0,0.0,0.0,0.0,0.0
2025-09-30,0.0,0.0,0.0,0.0,0.0,0.0,0.0,0.0,0.0,0.0
2025-10-01,0.0,0.0,0.0,0.0,0.0,0.0,0.0,0.0,0.0,0.0
2025-10-02,0.0,0.0,0.0,0.0,0.0,0.0,0.0,0.0,0.0,0.0
2025-10-03,0.0,0.0,0.0,0.0,0.0,0.0,0.0,0.0,0.0,0.0
2025-10-06,0.0,0.0,0.0,0.0,0.0,0.0,0.0,0.0,0.0,0.0
2025-10-07,0.0,0.0,0.0,0.0,0.0,0.0,0.0,0.0,0.0,0.0
2025-10-08,0.0,8.782762087137868e-07,2.6879700829114185e-06,0.0,3.407559971481172e-06,1.2261051265814764e-06,0.15780654264031319,0.15780654264031319,-0.04817911862537484,-8.199911389687854e-06
2025-10-09,0.000554514611668777,4.4811626389689655e-08,8.802974538511886e-08,0.0,3.064828845793664e-08,1.1627277410531005e-06,0.008017374819949317,0.1495264372269858,-0.0458118232699351,0.0005531883942674912
2025-10-10,0.0034578805105055905,8.334645823240971e-07,1.4556357444872419e-06,0.0,2.945366956541392e-06,0.0,0.14241081720263657,0.0,0.0,0.0034526460432222376
2025-10-13,0.0,0.0,0.0,0.0,0.0,0.0,0.0,0.0,0.0,0.0
2025-10-14,0.0,0.0,0.0,0.0,0.0,0.0,0.0,0.0,0.0,0.0
2025-10-15,0.0,0.0,0.0,0.0,0.0,0.0,0.0,0.0,0.0,0.0
2025-10-16,0.0,0.0,0.0,0.0,0.0,0.0,0.0,0.0,0.0,0.0
2025-10-17,0.0,0.0,0.0,0.0,0.0,0.0,0.0,0.0,0.0,0.0
2025-10-20,0.0,0.0,0.0,0.0,0.0,0.0,0.0,0.0,0.0,0.0
2025-10-21,0.0,0.0,0.0,0.0,0.0,0.0,0.0,0.0,0.0,0.0
2025-10-22,0.0,0.0,0.0,0.0,0.0,0.0,0.0,0.0,0.0,0.0
2025-10-23,0.0,0.0,0.0,0.0,0.0,0.0,0.0,0.0,0.0,0.0
2025-10-24,0.0,0.0,0.0,0.0,0.0,0.0,0.0,0.0,0.0,0.0
2025-10-27,0.0,0.0,0.0,0.0,0.0,0.0,0.0,0.0,0.0,0.0
2025-10-28,0.0,0.0,0.0,0.0,0.0,0.0,0.0,0.0,0.0,0.0
2025-10-29,0.0,0.0,0.0,0.0,0.0,0.0,0.0,0.0,0.0,0.0
2025-10-30,0.0,0.0,0.0,0.0,0.0,0.0,0.0,0.0,0.0,0.0
2025-10-31,0.0,0.0,0.0,0.0,0.0,0.0,0.0,0.0,0.0,0.0
2025-11-03,0.0,0.0,0.0,0.0,0.0,0.0,0.0,0.0,0.0,0.0
2025-11-04,0.0,0.0,0.0,0.0,0.0,0.0,0.0,0.0,0.0,0.0
2025-11-05,0.0,0.0,0.0,0.0,0.0,0.0,0.0,0.0,0.0,0.0
2025-11-06,0.0,0.0,0.0,0.0,0.0,0.0,0.0,0.0,0.0,0.0
2025-11-07,0.0,0.0,0.0,0.0,0.0,0.0,0.0,0.0,0.0,0.0
2025-11-10,0.0,0.0,0.0,0.0,0.0,0.0,0.0,0.0,0.0,0.0
2025-11-11,0.0,0.0,0.0,0.0,0.0,0.0,0.0,0.0,0.0,0.0
2025-11-12,0.0,0.0,0.0,0.0,0.0,0.0,0.0,0.0,0.0,0.0
2025-11-13,0.0,0.0,0.0,0.0,0.0,0.0,0.0,0.0,0.0,0.0
2025-11-14,0.0,0.0,0.0,0.0,0.0,0.0,0.0,0.0,0.0,0.0
2025-11-17,0.0,0.0,0.0,0.0,0.0,0.0,0.0,0.0,0.0,0.0
2025-11-18,0.0,0.0,0.0,0.0,0.0,0.0,0.0,0.0,0.0,0.0
2025-11-19,0.0,0.0,0.0,0.0,0.0,0.0,0.0,0.0,0.0,0.0
2025-11-20,0.0,0.0,0.0,0.0,0.0,0.0,0.0,0.0,0.0,0.0
2025-11-21,0.0,0.0,0.0,0.0,0.0,0.0,0.0,0.0,0.0,0.0
2025-11-24,0.0,0.0,0.0,0.0,0.0,0.0,0.0,0.0,0.0,0.0
2025-11-25,0.0,6.559831368312382e-07,3.5188875323741285e-06,0.0,3.862142950624349e-06,1.6276000256341607e-06,0.22343680430653903,0.22343680430653903,-0.04999999999999998,-9.664613645463876e-06
2025-11-26,-0.0006495636310136633,3.785327439480036e-07,1.1119382866196396e-06,0.0,1.4070043041602423e-06,1.295116588555228e-06,0.08294692593811212,0.16757958687727825,-0.05,-0.0006537562229369465
2025-12-01,-0.001368176765070735,5.741872719536447e-07,1.6373771230116324e-06,0.0,3.4657457049434976e-06,0.0,0.1659360349759496,0.0,0.0,-0.0013738540751706439
2025-12-02,0.0,0.0,0.0,0.0,0.0,0.0,0.0,0.0,0.0,0.0
2025-12-03,0.0,0.0,0.0,0.0,0.0,0.0,0.0,0.0,0.0,0.0
2025-12-04,0.0,0.0,0.0,0.0,0.0,0.0,0.0,0.0,0.0,0.0
2025-12-05,0.0,0.0,0.0,0.0,0.0,0.0,0.0,0.0,0.0,0.0
2025-12-08,0.0,0.0,0.0,0.0,0.0,0.0,0.0,0.0,0.0,0.0
2025-12-09,0.0,0.0,0.0,0.0,0.0,0.0,0.0,0.0,0.0,0.0
2025-12-10,0.0,0.0,0.0,0.0,0.0,0.0,0.0,0.0,0.0,0.0
2025-12-11,0.0,0.0,0.0,0.0,0.0,0.0,0.0,0.0,0.0,0.0
2025-12-12,0.0,0.0,0.0,0.0,0.0,0.0,0.0,0.0,0.0,0.0
2025-12-15,0.0,0.0,0.0,0.0,0.0,0.0,0.0,0.0,0.0,0.0
2025-12-16,0.0,0.0,0.0,0.0,0.0,0.0,0.0,0.0,0.0,0.0
2025-12-17,0.0,0.0,0.0,0.0,0.0,0.0,0.0,0.0,0.0,0.0
2025-12-18,0.0,0.0,0.0,0.0,0.0,0.0,0.0,0.0,0.0,0.0
2025-12-19,0.0,0.0,0.0,0.0,0.0,0.0,0.0,0.0,0.0,0.0
2025-12-22,0.0,0.0,0.0,0.0,0.0,0.0,0.0,0.0,0.0,0.0
2025-12-23,0.0,0.0,0.0,0.0,0.0,0.0,0.0,0.0,0.0,0.0
2025-12-26,0.0,0.0,0.0,0.0,0.0,0.0,0.0,0.0,0.0,0.0
2025-12-29,0.0,0.0,0.0,0.0,0.0,0.0,0.0,0.0,0.0,0.0
2025-12-30,0.0,0.0,0.0,0.0,0.0,0.0,0.0,0.0,0.0,0.0
2025-12-31,0.0,0.0,0.0,0.0,0.0,0.0,0.0,0.0,0.0,0.0
2026-01-02,0.0,0.0,0.0,0.0,0.0,0.0,0.0,0.0,0.0,0.0
2026-01-05,0.0,0.0,0.0,0.0,0.0,0.0,0.0,0.0,0.0,0.0
2026-01-06,0.0,0.0,0.0,0.0,0.0,0.0,0.0,0.0,0.0,0.0
2026-01-07,0.0,0.0,0.0,0.0,0.0,0.0,0.0,0.0,0.0,0.0
2026-01-08,0.0,0.0,0.0,0.0,0.0,0.0,0.0,0.0,0.0,0.0
2026-01-09,0.0,0.0,0.0,0.0,0.0,0.0,0.0,0.0,0.0,0.0
2026-01-12,0.0,0.0,0.0,0.0,0.0,0.0,0.0,0.0,0.0,0.0
2026-01-13,0.0,0.0,0.0,0.0,0.0,0.0,0.0,0.0,0.0,0.0
2026-01-14,0.0,0.0,0.0,0.0,0.0,0.0,0.0,0.0,0.0,0.0
2026-01-15,0.0,0.0,0.0,0.0,0.0,0.0,0.0,0.0,0.0,0.0
2026-01-16,0.0,0.0,0.0,0.0,0.0,0.0,0.0,0.0,0.0,0.0
2026-01-20,0.0,0.0,0.0,0.0,0.0,0.0,0.0,0.0,0.0,0.0
2026-01-21,0.0,3.677968659837958e-07,1.7751011736138466e-06,0.0,3.01437131136232e-06,8.086667431422364e-07,0.13177052749911225,0.13177052749911225,-0.004085485348783451,-5.9659360941021985e-06
2026-01-22,0.00046471008905944684,3.6779686598379574e-07,1.761435118441501e-06,0.0,3.102510975573049e-06,0.0,0.13505887498573155,0.0,0.0,0.0004594783460994485
2026-01-23,0.0,0.0,0.0,0.0,0.0,0.0,0.0,0.0,0.0,0.0
2026-01-26,0.0,0.0,0.0,0.0,0.0,0.0,0.0,0.0,0.0,0.0
2026-01-27,0.0,0.0,0.0,0.0,0.0,0.0,0.0,0.0,0.0,0.0
2026-01-28,0.0,0.0,0.0,0.0,0.0,0.0,0.0,0.0,0.0,0.0
2026-01-29,0.0,0.0,0.0,0.0,0.0,0.0,0.0,0.0,0.0,0.0
2026-01-30,0.0,0.0,0.0,0.0,0.0,0.0,0.0,0.0,0.0,0.0
2026-02-02,0.0,0.0,0.0,0.0,0.0,0.0,0.0,0.0,0.0,0.0
2026-02-03,0.0,1.39664580929013e-06,2.209462507832883e-06,0.0,5.0846049608642165e-06,8.237028822039347e-07,0.18838208421026104,0.18838208421026104,0.05,-9.514416160191164e-06
2026-02-04,-0.005533000433844811,1.5317037957191975e-06,3.869998394891242e-06,0.0,1.0496029601814929e-05,1.8141618005555868e-06,0.28954536489473515,0.3547791824933386,0.05000000000000002,-0.005550712327437792
2026-02-05,-0.0032307653344841466,1.2521610454987915e-06,4.763715168073659e-06,0.0,8.388265710782089e-06,1.6120807877220266e-06,0.29345459725969353,0.23005818405431142,-0.04077138828298906,-0.003246781557196223
2026-02-06,0.0002777413039308356,6.893403107158519e-07,2.6356308368363017e-06,0.0,5.858605495142509e-06,0.0,0.23425360276075327,0.0,0.0,0.00026855772728814095
2026-02-09,0.0,0.0,0.0,0.0,0.0,0.0,0.0,0.0,0.0,0.0
2026-02-10,0.0,0.0,0.0,0.0,0.0,0.0,0.0,0.0,0.0,0.0
2026-02-11,0.0,0.0,0.0,0.0,0.0,0.0,0.0,0.0,0.0,0.0
2026-02-12,0.0,0.0,0.0,0.0,0.0,0.0,0.0,0.0,0.0,0.0
2026-02-13,0.0,0.0,0.0,0.0,0.0,0.0,0.0,0.0,0.0,0.0
2026-02-17,0.0,0.0,0.0,0.0,0.0,0.0,0.0,0.0,0.0,0.0
2026-02-18,0.0,0.0,0.0,0.0,0.0,0.0,0.0,0.0,0.0,0.0
2026-02-19,0.0,0.0,0.0,0.0,0.0,0.0,0.0,0.0,0.0,0.0
2026-02-20,0.0,0.0,0.0,0.0,0.0,0.0,0.0,0.0,0.0,0.0
2026-02-23,0.0,0.0,0.0,0.0,0.0,0.0,0.0,0.0,0.0,0.0
2026-02-24,0.0,0.0,0.0,0.0,0.0,0.0,0.0,0.0,0.0,0.0
2026-02-25,0.0,0.0,0.0,0.0,0.0,0.0,0.0,0.0,0.0,0.0
2026-02-26,0.0,0.0,0.0,0.0,0.0,0.0,0.0,0.0,0.0,0.0
2026-02-27,0.0,0.0,0.0,0.0,0.0,0.0,0.0,0.0,0.0,0.0
2026-03-02,0.0,0.0,0.0,0.0,0.0,0.0,0.0,0.0,0.0,0.0
2026-03-03,0.0,0.0,0.0,0.0,0.0,0.0,0.0,0.0,0.0,0.0
2026-03-04,0.0,2.0745770788992827e-06,3.8024179852660163e-06,0.0,9.244649439917717e-06,1.7682201919581083e-06,0.2470609922489622,0.2470609922489622,-0.049999999999999996,-1.6889864696041126e-05
2026-03-05,-0.0005051963663271169,2.0745770788992827e-06,3.0524683319199303e-06,0.0,9.238444128364231e-06,0.0,0.2455290602144034,0.0,0.0,-0.0005195618558663003
2026-03-06,0.0,0.0,0.0,0.0,0.0,0.0,0.0,0.0,0.0,0.0
2026-03-09,0.0,0.0,0.0,0.0,0.0,0.0,0.0,0.0,0.0,0.0
2026-03-10,0.0,0.0,0.0,0.0,0.0,0.0,0.0,0.0,0.0,0.0
2026-03-11,0.0,0.0,0.0,0.0,0.0,0.0,0.0,0.0,0.0,0.0
2026-03-12,0.0,0.0,0.0,0.0,0.0,0.0,0.0,0.0,0.0,0.0
2026-03-13,0.0,0.0,0.0,0.0,0.0,0.0,0.0,0.0,0.0,0.0
2026-03-16,0.0,0.0,0.0,0.0,0.0,0.0,0.0,0.0,0.0,0.0
2026-03-17,0.0,0.0,0.0,0.0,0.0,0.0,0.0,0.0,0.0,0.0
2026-03-18,0.0,0.0,0.0,0.0,0.0,0.0,0.0,0.0,0.0,0.0
2026-03-19,0.0,0.0,0.0,0.0,0.0,0.0,0.0,0.0,0.0,0.0
2026-03-20,0.0,0.0,0.0,0.0,0.0,0.0,0.0,0.0,0.0,0.0
2026-03-23,0.0,0.0,0.0,0.0,0.0,0.0,0.0,0.0,0.0,0.0
2026-03-24,0.0,0.0,0.0,0.0,0.0,0.0,0.0,0.0,0.0,0.0
2026-03-25,0.0,0.0,0.0,0.0,0.0,0.0,0.0,0.0,0.0,0.0
2026-03-26,0.0,0.0,0.0,0.0,0.0,0.0,0.0,0.0,0.0,0.0
2026-03-27,0.0,0.0,0.0,0.0,0.0,0.0,0.0,0.0,0.0,0.0
2026-03-30,0.0,0.0,0.0,0.0,0.0,0.0,0.0,0.0,0.0,0.0
2026-03-31,0.0,0.0,0.0,0.0,0.0,0.0,0.0,0.0,0.0,0.0
2026-04-01,0.0,0.0,0.0,0.0,0.0,0.0,0.0,0.0,0.0,0.0
2026-04-02,0.0,0.0,0.0,0.0,0.0,0.0,0.0,0.0,0.0,0.0
2026-04-06,0.0,0.0,0.0,0.0,0.0,0.0,0.0,0.0,0.0,0.0
2026-04-07,0.0,0.0,0.0,0.0,0.0,0.0,0.0,0.0,0.0,0.0
2026-04-08,0.0,0.0,0.0,0.0,0.0,0.0,0.0,0.0,0.0,0.0
2026-04-09,0.0,0.0,0.0,0.0,0.0,0.0,0.0,0.0,0.0,0.0
2026-04-10,0.0,0.0,0.0,0.0,0.0,0.0,0.0,0.0,0.0,0.0
2026-04-13,0.0,0.0,0.0,0.0,0.0,0.0,0.0,0.0,0.0,0.0
2026-04-14,0.0,0.0,0.0,0.0,0.0,0.0,0.0,0.0,0.0,0.0
2026-04-15,0.0,0.0,0.0,0.0,0.0,0.0,0.0,0.0,0.0,0.0
2026-04-16,0.0,0.0,0.0,0.0,0.0,0.0,0.0,0.0,0.0,0.0
2026-04-17,0.0,0.0,0.0,0.0,0.0,0.0,0.0,0.0,0.0,0.0
2026-04-20,0.0,0.0,0.0,0.0,0.0,0.0,0.0,0.0,0.0,0.0
2026-04-21,0.0,0.0,0.0,0.0,0.0,0.0,0.0,0.0,0.0,0.0
2026-04-22,0.0,7.523897000089225e-07,2.8777492996874776e-06,0.0,4.972559093801195e-06,1.3343379516295195e-06,0.17416877587375923,0.17416877587375923,-0.05000000000000002,-9.937036045127115e-06
2026-04-23,-0.0004083956808895016,3.519103494206767e-08,6.175202472751635e-08,0.0,5.356935328853637e-08,1.3140497005755715e-06,0.004990689832867969,0.17076034969669596,-0.05000000000000001,-0.0004098602430030353
2026-04-24,-0.0025712930700740252,7.197723997634619e-07,1.7167982696244962e-06,0.0,4.532258354031133e-06,0.0,0.1699321408733023,0.0,0.0,-0.002578261899097444
2026-04-27,0.0,0.0,0.0,0.0,0.0,0.0,0.0,0.0,0.0,0.0
2026-04-28,0.0,0.0,0.0,0.0,0.0,0.0,0.0,0.0,0.0,0.0
2026-04-29,0.0,0.0,0.0,0.0,0.0,0.0,0.0,0.0,0.0,0.0
2026-04-30,0.0,0.0,0.0,0.0,0.0,0.0,0.0,0.0,0.0,0.0
2026-05-01,0.0,0.0,0.0,0.0,0.0,0.0,0.0,0.0,0.0,0.0
2026-05-04,0.0,0.0,0.0,0.0,0.0,0.0,0.0,0.0,0.0,0.0
2026-05-05,0.0,0.0,0.0,0.0,0.0,0.0,0.0,0.0,0.0,0.0
2026-05-06,0.0,0.0,0.0,0.0,0.0,0.0,0.0,0.0,0.0,0.0
2026-05-07,0.0,0.0,0.0,0.0,0.0,0.0,0.0,0.0,0.0,0.0
2026-05-08,0.0,0.0,0.0,0.0,0.0,0.0,0.0,0.0,0.0,0.0
2026-05-11,0.0,0.0,0.0,0.0,0.0,0.0,0.0,0.0,0.0,0.0
2026-05-12,0.0,0.0,0.0,0.0,0.0,0.0,0.0,0.0,0.0,0.0
2026-05-13,0.0,0.0,0.0,0.0,0.0,0.0,0.0,0.0,0.0,0.0
2026-05-14,0.0,0.0,0.0,0.0,0.0,0.0,0.0,0.0,0.0,0.0
2026-05-15,0.0,0.0,0.0,0.0,0.0,0.0,0.0,0.0,0.0,0.0
2026-05-18,0.0,0.0,0.0,0.0,0.0,0.0,0.0,0.0,0.0,0.0
2026-05-19,0.0,0.0,0.0,0.0,0.0,0.0,0.0,0.0,0.0,0.0
2026-05-20,0.0,0.0,0.0,0.0,0.0,0.0,0.0,0.0,0.0,0.0
2026-05-21,0.0,0.0,0.0,0.0,0.0,0.0,0.0,0.0,0.0,0.0
2026-05-22,0.0,0.0,0.0,0.0,0.0,0.0,0.0,0.0,0.0,0.0
2026-05-26,0.0,0.0,0.0,0.0,0.0,0.0,0.0,0.0,0.0,0.0
2026-05-27,0.0,0.0,0.0,0.0,0.0,0.0,0.0,0.0,0.0,0.0
2026-05-28,0.0,0.0,0.0,0.0,0.0,0.0,0.0,0.0,0.0,0.0
2026-05-29,0.0,5.086338014893887e-07,3.204116451838836e-06,0.0,6.37707175511973e-06,1.5219300417970718e-06,0.20568424702190807,0.20568424702190807,-0.049999999999999996,-1.1611752050245025e-05
2026-06-01,-0.0012781518185570168,1.4934742160985682e-06,4.286724796400635e-06,0.0,9.36125234219118e-06,2.407842777715929e-06,0.3968992524143765,0.45451758665627595,0.05,-0.0012957011126894231
2026-06-02,0.003658572036270582,1.1532875867333392e-06,3.312547953733976e-06,0.0,1.3028627969297569e-05,1.0100272915387494e-06,0.24385462569032146,0.21968458497850984,0.05000000000000002,0.0036400675454692786
2026-06-03,0.005260324817669584,7.476098550688125e-07,3.4682081166313054e-06,0.0,3.770801026706809e-06,0.0,0.2169121736623194,0.0,0.0,0.005252338198671177
2026-06-04,0.0,4.814716567417037e-07,2.6005670062513093e-06,0.0,3.968168258948153e-06,1.2277885813356824e-06,0.15626848166439464,0.15626848166439464,-0.05,-8.277995503276847e-06
2026-06-05,0.0017487908342034713,4.814716567417037e-07,1.5315505561875184e-06,0.0,4.063384577447589e-06,0.0,0.1535568129492287,0.0,0.0,0.0017427144274130945
2026-06-08,0.0,0.0,0.0,0.0,0.0,0.0,0.0,0.0,0.0,0.0
2026-06-09,0.0,0.0,0.0,0.0,0.0,0.0,0.0,0.0,0.0,0.0
2026-06-10,0.0,0.0,0.0,0.0,0.0,0.0,0.0,0.0,0.0,0.0
2026-06-11,0.0,0.0,0.0,0.0,0.0,0.0,0.0,0.0,0.0,0.0
2026-06-12,0.0,0.0,0.0,0.0,0.0,0.0,0.0,0.0,0.0,0.0
2026-06-15,0.0,0.0,0.0,0.0,0.0,0.0,0.0,0.0,0.0,0.0
2026-06-16,0.0,0.0,0.0,0.0,0.0,0.0,0.0,0.0,0.0,0.0
2026-06-17,0.0,0.0,0.0,0.0,0.0,0.0,0.0,0.0,0.0,0.0
2026-06-18,0.0,0.0,0.0,0.0,0.0,0.0,0.0,0.0,0.0,0.0
2026-06-22,0.0,2.4592987534941073e-07,1.5574317900793016e-06,0.0,4.128915890594669e-06,6.450330054998242e-07,0.15836554492397048,0.15836554492397048,0.05000000000000003,-6.577310561523206e-06
2026-06-23,0.005295651868358549,2.78221513623909e-08,2.226685944249515e-07,0.0,2.3113011815897036e-07,6.801706549572816e-07,0.01260772522615242,0.1642686700328233,0.05000000000000002,0.0052944900768396455
2026-06-24,-0.0003250281484707924,2.737520267118016e-07,2.6495001113901814e-06,0.0,4.913748594785657e-06,0.0,0.16326518063038786,0.0,0.0,-0.00033286514920368
2026-06-25,0.0,0.0,0.0,0.0,0.0,0.0,0.0,0.0,0.0,0.0
2026-06-26,0.0,0.0,0.0,0.0,0.0,0.0,0.0,0.0,0.0,0.0
2026-06-29,0.0,0.0,0.0,0.0,0.0,0.0,0.0,0.0,0.0,0.0
2026-06-30,0.0,0.0,0.0,0.0,0.0,0.0,0.0,0.0,0.0,0.0
2026-07-01,0.0,0.0,0.0,0.0,0.0,0.0,0.0,0.0,0.0,0.0
2026-07-02,0.0,4.2584506897222756e-07,4.044852222821393e-06,0.0,1.853170813210252e-05,1.9045413741961592e-06,0.26996295086495475,0.26996295086495475,-0.04999999999999998,-2.4906946798092298e-05
2026-07-06,-0.00026833634440047964,2.064602949812559e-07,1.8176410923185328e-06,0.0,8.366081773236908e-06,1.445038690273909e-06,0.13876225820875043,0.1927664999660167,-0.05,-0.0002801715662512902
2026-07-07,-0.0021652180722814005,3.0374411140008815e-07,1.9544443835452178e-06,0.0,1.2548104336260002e-05,0.0,0.1903385335129809,0.0,0.0,-0.002180024365112606
2026-07-08,0.0,0.0,0.0,0.0,0.0,0.0,0.0,0.0,0.0,0.0
2026-07-09,0.0,0.0,0.0,0.0,0.0,0.0,0.0,0.0,0.0,0.0
2026-07-10,0.0,0.0,0.0,0.0,0.0,0.0,0.0,0.0,0.0,0.0
2026-07-13,0.0,0.0,0.0,0.0,0.0,0.0,0.0,0.0,0.0,0.0
2026-07-14,0.0,0.0,0.0,0.0,0.0,0.0,0.0,0.0,0.0,0.0
2026-07-15,0.0,0.0,0.0,0.0,0.0,0.0,0.0,0.0,0.0,0.0
2026-07-16,0.0,0.0,0.0,0.0,0.0,0.0,0.0,0.0,0.0,0.0
2026-07-17,0.0,0.0,0.0,0.0,0.0,0.0,0.0,0.0,0.0,0.0
2026-07-20,0.0,0.0,0.0,0.0,0.0,0.0,0.0,0.0,0.0,0.0
2026-07-21,0.0,0.0,0.0,0.0,0.0,0.0,0.0,0.0,0.0,0.0
2026-07-22,0.0,0.0,0.0,0.0,0.0,0.0,0.0,0.0,0.0,0.0
2026-07-23,0.0,0.0,0.0,0.0,0.0,0.0,0.0,0.0,0.0,0.0
2026-07-24,0.0,0.0,0.0,0.0,0.0,0.0,0.0,0.0,0.0,0.0
2026-07-27,0.0,0.0,0.0,0.0,0.0,0.0,0.0,0.0,0.0,0.0
2026-07-28,0.0,0.0,0.0,0.0,0.0,0.0,0.0,0.0,0.0,0.0
2026-07-29,0.0,0.0,0.0,0.0,0.0,0.0,0.0,0.0,0.0,0.0
2026-07-30,0.0,0.0,0.0,0.0,0.0,0.0,0.0,0.0,0.0,0.0
2026-07-31,0.0,0.0,0.0,0.0,0.0,0.0,0.0,0.0,0.0,0.0
2026-08-03,0.0,0.0,0.0,0.0,0.0,0.0,0.0,0.0,0.0,0.0
2026-08-04,0.0,0.0,0.0,0.0,0.0,0.0,0.0,0.0,0.0,0.0
2026-08-05,0.0,0.0,0.0,0.0,0.0,0.0,0.0,0.0,0.0,0.0
2026-08-06,0.0,0.0,0.0,0.0,0.0,0.0,0.0,0.0,0.0,0.0
2026-08-07,0.0,1.0124946362045935e-06,2.671608063237859e-06,0.0,1.4899391620444952e-06,1.191583918958532e-06,0.15018609838503338,0.15018609838503338,-0.04999999999999999,-6.36562578044548e-06
2026-08-10,0.0004020458163121929,2.4277560495009998e-08,4.303154797479416e-08,0.0,4.125996761888688e-09,1.1820794577078167e-06,0.0025773007129950565,0.14858934889491332,-0.04999999999999992,0.00040079230174925337
2026-08-11,-0.0017183767699724365,1.0289057423324849e-06,1.3843723363513726e-06,0.0,1.4576477819012727e-06,0.0,0.14652463637229635,0.0,0.0,-0.0017222476958330215
2026-08-12,0.0,0.0,0.0,0.0,0.0,0.0,0.0,0.0,0.0,0.0
2026-08-13,0.0,0.0,0.0,0.0,0.0,0.0,0.0,0.0,0.0,0.0
2026-08-14,0.0,0.0,0.0,0.0,0.0,0.0,0.0,0.0,0.0,0.0
2026-08-17,0.0,0.0,0.0,0.0,0.0,0.0,0.0,0.0,0.0,0.0
2026-08-18,0.0,0.0,0.0,0.0,0.0,0.0,0.0,0.0,0.0,0.0
2026-08-19,0.0,0.0,0.0,0.0,0.0,0.0,0.0,0.0,0.0,0.0
2026-08-20,0.0,0.0,0.0,0.0,0.0,0.0,0.0,0.0,0.0,0.0
2026-08-21,0.0,0.0,0.0,0.0,0.0,0.0,0.0,0.0,0.0,0.0
2026-08-24,0.0,0.0,0.0,0.0,0.0,0.0,0.0,0.0,0.0,0.0
2026-08-25,0.0,0.0,0.0,0.0,0.0,0.0,0.0,0.0,0.0,0.0
2026-08-26,0.0,0.0,0.0,0.0,0.0,0.0,0.0,0.0,0.0,0.0
2026-08-27,0.0,0.0,0.0,0.0,0.0,0.0,0.0,0.0,0.0,0.0
2026-08-28,0.0,0.0,0.0,0.0,0.0,0.0,0.0,0.0,0.0,0.0
2026-08-31,0.0,0.0,0.0,0.0,0.0,0.0,0.0,0.0,0.0,0.0
