experiment_id,date,trial_type,hypothesis,signal_definition,universe,holding_period,features,model,parameters,train_period,validation_period,expected_result,falsification_condition,actual_result,decision
H1,2026-09-05,diagnostic,"Trailing 1-5 day residual returns (vs market + sector factors estimated on trailing data only) negatively predict next 1-5 day residual returns in liquid US large/mid caps, for moves not accompanied by material company news","z = -(sum of residual returns over last k_s days) / rolling residual vol; residual from rolling 120-day OLS on SPY + sector ETF (PCA-3 as second implementation); decision time 15:40 ET using 5-min bars through 15:40 plus daily data through t-1","point-in-time S&P 500 members passing t-1 liquidity filter, no-news subsample","1-5 days (set from decay curve, H6)","residual return, residual vol, abnormal turnover, news flags","Fama-MacBeth cross-sectional regression with Newey-West; decile long-short portfolio","k_s in {1,3,5}; OLS window 120; z-score window 60","DEV (intraday start ~2013 to 2018-12-14)","none (DEV-only diagnostic)","negative FM slope with |t|>=2; decile long-short gross return > 0","FM slope not significantly negative (NW t < 2) OR decile long-short gross return <= 0 on the no-news subsample",PENDING,PENDING
H2,2026-09-05,diagnostic,"Reversal is concentrated in low-abnormal-turnover movers; high-abnormal-turnover movers show continuation (Medhat & Schmeling 2022)","interaction of residual-return z-score with abnormal turnover tercile (turnover_t / trailing 60-day mean)","as H1","1-5 days","abnormal turnover","FM regression with interaction term; double sort","turnover window 60","DEV","none","negative coefficient in low-turnover tercile; non-negative/positive in high-turnover tercile","interaction t < 2",PENDING,PENDING
H3,2026-09-05,diagnostic,"Expected reversal return rises with lagged market volatility (Nagel 2012)","strategy return regressed on lagged VIX (or realized SPY vol) terciles","as H1","1-5 days","lagged VIX, realized vol","time-series regression; tercile comparison","VIX lag 1 day","DEV","none","positive slope; highest tercile earns most","slope <= 0 or insignificant",PENDING,PENDING
H4,2026-09-05,diagnostic,"Residual (factor-cleaned) reversal beats raw reversal risk-adjusted (Blitz et al. 2013; Da et al. 2014)","raw k-day return z-score vs residual k-day return z-score","as H1","1-5 days","raw return, residual return","decile portfolios; Sharpe comparison with bootstrap CI","same k","DEV","none","residual Sharpe > raw Sharpe","raw >= residual",PENDING,PENDING
H5,2026-09-05,diagnostic,"Net-of-cost profitability survives in the most liquid tercile with turnover-aware construction (De Groot et al. 2012)","frozen DEV-selected construction applied to VAL","most liquid tercile of PIT universe","from H6","all frozen features","frozen DEV choice","frozen","DEV (selection)","VAL 2019-01-02 to 2022-12-15 (one-shot confirmation)","net Sharpe > 0 under base costs","net Sharpe <= 0 under base costs on untouched VAL",PENDING,PENDING
H6,2026-09-05,diagnostic,"Decay curve implies optimal holding <= 5 days; gross alpha per unit turnover falls monotonically beyond","IC and long-short return by forward horizon 1..20 days","as H1","1-20 days","residual return","IC decay curve; alpha-per-turnover curve","horizons 1..20","DEV","none","peak alpha per turnover at k <= 5","flat or non-monotone decay",PENDING,PENDING
H7,2026-09-05,diagnostic,"Residual reversal is materially stronger for no-news moves than for moves accompanied by material company news (8-K and/or article flag known by the decision time)","news flag = 8-K accepted since previous decision time OR FMP article/keyword hit before decision time; interaction with reversal signal","as H1 (full universe, split by news flag)","1-5 days","news flags (Tier 1 8-K items; Tier 2 article counts 2012+)","FM regression with news interaction; filter ablation ladder","tiers a-e","DEV","none","reversal concentrated in no-news movers","no significant difference (interaction t < 2)",PENDING,PENDING
H8,2026-09-05,diagnostic,"Residual moves accompanied by material news show post-news drift (continuation) over 1-10 days (Chan 2003; Tetlock 2011)","news-mover subsample; forward residual return by horizon","news movers only","1-10 days","news flags, cause labels","event-time regression","horizons 1..10","DEV","none","positive continuation","no significant positive drift on DEV",PENDING,PENDING
B1,2026-09-05,diagnostic,"FALLBACK FAMILY (only if H1 is falsified): sector/industry-ETF residual returns vs SPY mean-revert at 1-5 days","ETF residual return z-score vs SPY","liquid US sector/industry ETFs fixed by inception date and t-1 liquidity before download","1-5 days","ETF residual return","pooled panel regression with Driscoll-Kraay SEs; top-3/bottom-3 rank long-short","k in {1,3,5}","DEV","none","negative slope","slope not significantly negative",NOT RUN,NOT RUN
